NOMBRE EST.,BIC. DISPONIBLES,DIR.
1814907590556515014,28,1814907590556515014
22ab59a8-0af4-4101-9350-a7af88e37c2e,12,3936
66de2b2f-0aca-11e7-82f6-3863bb44ef7c,56,3381
499e10ad-c008-461e-8cf7-20757218a9cc,24,4319
66dcc8b3-0aca-11e7-82f6-3863bb44ef7c,27,3060
3db799ba-b574-4e5f-95e5-c767bec2acb6,11,3963
66de85d2-0aca-11e7-82f6-3863bb44ef7c,17,3435
9394fb49-583f-4426-8d2f-a2b0ffb584d2,39,3737
d11b9869-8964-4b79-aafc-4b60ad1b44c4,33,3776
af72ab76-c6cb-4994-af96-51fa8846ecdc,6,4941
81bec993-29a5-4e70-8f60-eecdf16c7be4,23,4684
66de17f7-0aca-11e7-82f6-3863bb44ef7c,41,3350
7938263e-e5b8-4ca7-b8bf-1adbaae5fead,19,4206
1876800925490112950,13,1876800925490112950
6476c5fd-611e-436c-9736-e0f43bb7774e,13,4147
66db408f-0aca-11e7-82f6-3863bb44ef7c,14,249
12279d2b-29f6-4e02-a7f0-244970f7edd5,6,3561
7f4753d7-8d58-48bd-a881-de5bff08b27d,19,4820
b0bac4ef-bb57-4598-a433-75c281170d5b,15,4001
66de0a78-0aca-11e7-82f6-3863bb44ef7c,15,3330
ba33c334-e17d-4478-ae3c-9c2f4dbfbb51,19,4826
1854538962214948918,33,1854538962214948918
26b3a82b-3487-44c2-85f1-eddb5a8a3a9d,12,4801
f62526d4-9c6a-4c76-be76-c64b5be669d2,23,4287
0b009276-767c-47ee-a4d2-7633d4f95d95,12,3731
1864605386632012480,11,1864605386632012480
8caf71df-76c3-43fb-be98-d555d2291460,4,3558
545a32d3-b74c-4dc2-b82c-a6d185dd4666,8,4084
c8c39d85-4ce7-46c5-b709-998067200780,12,4565
32cc1603-a4b5-4099-b7bf-681de451b04a,34,4737
66dd217d-0aca-11e7-82f6-3863bb44ef7c,34,3117
66de43a5-0aca-11e7-82f6-3863bb44ef7c,29,3387
66de2707-0aca-11e7-82f6-3863bb44ef7c,13,3376
4c03fa2d-89da-4f0b-8f19-c7de5edbe256,15,4006
1888015107269225164,32,1888015107269225164
18415ea7-efce-408d-bcb9-4693fb088dda,33,4884
66ddea99-0aca-11e7-82f6-3863bb44ef7c,6,3306
69f84045-48f9-4c6c-90d3-0503e5ed39e9,20,3574
0ddb965d-95ef-4ce3-bde6-81a56ac1fbd2,18,3959
3f05490b-a3d8-4d15-bd25-0212555b5dff,28,4358
0630217a-3913-47d9-9540-cf85688296a5,25,3522
66dc840f-0aca-11e7-82f6-3863bb44ef7c,10,526
1817432434869846072,34,1817432434869846072
1814907423052790164,35,1814907423052790164
66de1ea2-0aca-11e7-82f6-3863bb44ef7c,29,3361
1814906692908349788,26,1814906692908349788
66de63cd-0aca-11e7-82f6-3863bb44ef7c,21,3422
1871698348432996504,12,1871698348432996504
f3782e27-c49a-4ee9-b188-0c13cad54688,12,4751
66db9c2e-0aca-11e7-82f6-3863bb44ef7c,20,339
c602146e-d69d-43b6-9e8f-054c4df5377e,22,4250
81a98b0b-cfd6-48b4-90bd-806ebbc264a0,14,3661
1859438049977968878,8,1859438049977968878
1786698974100683436,14,1786698974100683436
1911424232096693138,2,1911424232096693138
2637fed8-1e2a-460b-83eb-3eb32ace0f4e,5,4720
c71cca54-17f6-42bc-ba94-3f5bd9c70197,41,4590
8a89684b-40a5-49fe-b75d-fdf32ffa8102,12,4141
66dbe68e-0aca-11e7-82f6-3863bb44ef7c,6,383
66dbee85-0aca-11e7-82f6-3863bb44ef7c,44,397
1804892772559499512,3,1804892772559499512
66db3687-0aca-11e7-82f6-3863bb44ef7c,7,216
2c8b263e-952c-4941-a671-ef0ebb062632,17,5048
579e583e-60ab-4f2a-83d0-fabebddfcd0f,5,4457
1826348248869574940,34,1826348248869574940
66db6f2e-0aca-11e7-82f6-3863bb44ef7c,29,307
66dc3ab9-0aca-11e7-82f6-3863bb44ef7c,35,473
66dde69c-0aca-11e7-82f6-3863bb44ef7c,9,3297
66db4549-0aca-11e7-82f6-3863bb44ef7c,37,262
7a6fc75f-a605-4dd6-b567-b2bbbfb862f3,29,4871
66dd1d0f-0aca-11e7-82f6-3863bb44ef7c,30,3109
66dd17a5-0aca-11e7-82f6-3863bb44ef7c,55,3100
498d7e8e-5164-4f26-9ce6-399947d73b1a,12,3849
47da6ab2-c841-4f2d-97ef-dd8d441c96b1,4,4626
26217b73-7bb5-46e6-8094-1db05becd617,5,4047
66de6346-0aca-11e7-82f6-3863bb44ef7c,32,3421
37a37e5b-f975-4f92-a897-dca8e4670631,18,4313
20ff5447-eac3-43b7-820f-f6fa3a2e12a8,18,3498
d470e82e-d109-4e2e-b66a-f5e944cbfe97,5,4940
d80c274e-d17d-4a00-9b76-274c9fe4d0e1,28,3543
29ced315-14b5-4edc-bef2-665316dfe3dd,41,4711
dad39e68-53f5-47c2-87e2-b1cc0e34f90f,28,3926
66de1516-0aca-11e7-82f6-3863bb44ef7c,22,3348
1929504694747056164,8,1929504694747056164
69717638-5c4a-47a7-bccb-3b42c81eb09f,22,4867
1828966626550010820,27,1828966626550010820
66de5005-0aca-11e7-82f6-3863bb44ef7c,21,3404
ca7ec509-cefc-4ac6-b729-08999d191051,18,4292
1786698321265653818,38,1786698321265653818
6b60bf55-3da4-439a-bde1-fc80be8623ba,6,4061
b96507c5-7c90-499d-9c45-58f25d6f636a,18,4098
d18512f9-52c8-4175-92b9-b6258dc30748,7,4930
74723006-b32f-4590-8cc7-f15eec3808fe,23,3836
e9b3a725-6963-4151-8f7f-9beeb51fa20f,7,3874
292ad4f3-9fb0-44ec-9e61-613c711f73c1,18,3546
191d5d54-de64-4312-99c7-eee141efa4ef,12,4572
5145ad1c-241f-4448-a742-739bd5c518c2,23,4825
c63a83a0-bda1-40a6-835b-f82c363543b9,15,3622
c7604869-5b55-40cf-812e-fc97901bdf14,42,4742
6969d756-33a6-4a0b-83d0-3db38bc382d1,18,4412
29a41b09-698f-43e2-82ff-f94f73e74841,16,4382
06439006-11b6-44f0-8545-c9d39035f32a,36,4648
66de1fe7-0aca-11e7-82f6-3863bb44ef7c,27,3364
0bd9bd58-42e6-4680-9d19-83943372221f,18,4395
324e93c8-4f3d-4a5f-becd-00e6f49fe4dd,15,4388
1960020234227886806,4,1960020234227886806
66dbf288-0aca-11e7-82f6-3863bb44ef7c,24,406
66dbcd6c-0aca-11e7-82f6-3863bb44ef7c,36,366
ca843847-923a-40b7-80ca-c1c3fff6e818,9,4495
56b3ca32-104a-4920-a879-a97a820858c4,20,3599
66dd01c5-0aca-11e7-82f6-3863bb44ef7c,15,3092
1917312704757770810,9,1917312704757770810
c638ec67-9ac0-416f-944f-619926144931,2,4675
53ef19c6-eaa7-47f7-807e-f51b574b1be0,6,4461
66de2274-0aca-11e7-82f6-3863bb44ef7c,18,3370
1828965347681089818,28,1828965347681089818
912813fc-fde4-4430-8443-a4fa21477e7f,4,4056
54df610f-0e47-4958-98ca-37bb1b1c4dca,6,4013
ceb179f3-89c3-4c3e-8a0a-3415406a9463,2,4067
66dcc37f-0aca-11e7-82f6-3863bb44ef7c,35,3055
922763d6-d73c-4678-8bcd-f42ee3a236db,8,5033
66dc7ba2-0aca-11e7-82f6-3863bb44ef7c,43,511
1898751402035634700,25,1898751402035634700
66dbe571-0aca-11e7-82f6-3863bb44ef7c,35,380
cc5f0e68-dd5f-4db1-81c7-04a4d6674fba,8,4131
66dcbac5-0aca-11e7-82f6-3863bb44ef7c,7,3043
66dde4ef-0aca-11e7-82f6-3863bb44ef7c,27,3293
00967b8f-1a4d-4131-a65a-17fa8ca89e28,10,4815
66de205d-0aca-11e7-82f6-3863bb44ef7c,4,3365
b4f990dd-36bb-46b3-9eea-4b980bd43c2d,1,4557
cd2d9dab-7708-4685-a56f-9412c738de7e,22,5063
d265dbc7-ef55-4f5b-8a2b-f2015dc71fb8,14,3566
640a9a95-194f-42f5-8d88-1df67129f388,31,4176
f401cd5f-cb41-41f8-a857-4a4dfe778f94,35,3860
7a1ad7c0-4958-4354-91a1-11bf13348abd,16,4865
b442a648-e9f4-4893-951a-64d258bc0e55,21,3699
66dd24ca-0aca-11e7-82f6-3863bb44ef7c,28,3123
1799624430022654108,18,1799624430022654108
645e4365-653f-48ce-bc15-5fcc287be56f,65,4699
4efda436-cd19-4ec3-acc7-1a622f723264,7,4908
faf98f78-51ab-4248-b7e7-f402902385a6,11,4828
a45a712c-1e3d-4fee-bef8-adafafd80670,23,4807
19b61564-7629-41b4-80c8-1756135a5442,12,4031
66db93a1-0aca-11e7-82f6-3863bb44ef7c,49,332
1828965172312150882,26,1828965172312150882
16e70b05-5b73-4930-9dcf-f79e5ce9eaf5,18,4422
66dc3e89-0aca-11e7-82f6-3863bb44ef7c,27,476
6fb81fda-f0b5-4242-90f9-88d0214feb8d,24,4786
1869753484503987044,18,1869753484503987044
42c3bb6e-0478-4e4a-af10-151f5f4dffb9,17,4829
66db41bf-0aca-11e7-82f6-3863bb44ef7c,11,252
1794852638057746848,15,1794852638057746848
f5393bc2-36d4-4508-bf51-fa48d121f751,34,4821
78aabb95-6195-4aa7-ab0d-5748eeb26bd1,6,3866
92fc1ad7-0867-4655-b02f-ede65d336b14,17,4265
1814548067447122618,38,1814548067447122618
f34ea09d-32f9-492c-9124-99059bc0b5dd,16,4296
023cf549-bd85-4f9a-abd8-70ba29d7e86b,5,4515
41495491-5d89-4e14-aab9-c3db04aad399,30,4774
66de19ab-0aca-11e7-82f6-3863bb44ef7c,10,3354
83a5d761-57d0-4cd6-aa2b-7eb350120d99,17,4252
a47f77a2-9008-4652-a4f1-b95eee723a1b,9,3712
d979131e-0b9f-4aa2-88c5-46d4ff94abc8,5,4958
1786700154621508184,37,1786700154621508184
1835250442210857240,23,1835250442210857240
3e1bdcec-e762-4e83-b447-007f05923cce,23,3524
1846086362824884662,35,1846086362824884662
61f2ffd4-159a-42b3-a4d9-3fdfc3349074,11,3830
1848241684520917882,26,1848241684520917882
493e046c-5d62-4772-90c4-b6a9f4afcd39,11,3820
576abdc1-986e-48b0-bde2-051a13d3ff59,27,4772
8d650b03-920d-4d44-a48f-8d9a1a0ba264,14,4451
1b00fb53-da32-4b14-9a9a-84a391c8951c,43,3542
1bb1af93-b433-4da7-8054-009c85f7755a,3,4092
66de73fd-0aca-11e7-82f6-3863bb44ef7c,39,3430
66dbe96d-0aca-11e7-82f6-3863bb44ef7c,6,388
1d32e684-602b-46b6-8c96-ab47b57a03f3,9,3549
e9575102-1081-4c30-8d15-ea95913579e2,5,4931
66de0861-0aca-11e7-82f6-3863bb44ef7c,25,3325
ff9581d3-3e1a-463a-bdab-d8150c468be2,10,3513
b79c8433-9dd1-4d68-9156-7f2c2162bafe,45,4306
c80c55c4-d623-42d7-8acf-6bfa68a84ecb,20,4151
3134c2d4-b090-4eb8-ab44-6f9622098f72,4,4012
66dd056e-0aca-11e7-82f6-3863bb44ef7c,27,3094
038b7369-9c6e-4eb2-8569-f7461443302f,30,4912
bcb08532-f0d5-4c0e-ad8a-4ddacc204791,17,3833
66db6963-0aca-11e7-82f6-3863bb44ef7c,14,297
fda18503-7488-4b91-b74c-949a90401e83,24,4769
55a4dc76-d839-4e06-9bf4-2f343391343c,10,3888
d8778570-f7f2-458d-82f5-9ad39210a501,33,4333
66dc0f8a-0aca-11e7-82f6-3863bb44ef7c,10,428
66de4959-0aca-11e7-82f6-3863bb44ef7c,29,3396
38af3d1a-9916-46cf-b22e-86fc8648bf30,7,4094
1838070843306263244,32,1838070843306263244
1822663031356509142,27,1822663031356509142
6cd10426-b4e9-40e1-9b35-61f609190ac0,13,3517
66dc3782-0aca-11e7-82f6-3863bb44ef7c,17,471
66de2199-0aca-11e7-82f6-3863bb44ef7c,32,3368
ad57266c-34da-43da-8b48-2ba856002fbf,12,3890
dd482585-3028-453f-a98d-55019db9b26c,30,3478
66dd46a2-0aca-11e7-82f6-3863bb44ef7c,37,3150
528ed1e0-75aa-45be-8afe-c3f1c950782f,20,4862
5a24acbb-94ef-4cb5-9db8-f6073ac26a2b,27,4302
bacfe3c2-7946-45ed-91f9-f5b91791de75,43,3503
4d24ab76-2f4a-4004-9fc5-09c00c1d9aa4,22,4380
1862788202397235246,22,1862788202397235246
1851674198082642572,22,1851674198082642572
b9720921-8170-43ea-a5ae-b61b9161eb49,8,4645
b35ba3c0-d3e8-4b1a-b63b-73a7bb518c9e,10,3891
f8c242cd-da59-4f0e-afd6-832bbdd7d328,17,4750
dccaeeb5-c53a-4f48-80e6-05675b71a8c8,23,3508
ffae66ec-7c16-436f-bd0a-eedf81d580e7,35,4581
5645b05e-85be-460d-8506-cacd20bff233,16,4416
2546c9b9-5b1a-4e9f-a9cc-f8b986b79748,7,4441
1861678548643203686,24,1861678548643203686
b713367c-3572-4225-b74a-9319ab537838,11,4631
a2cf5872-bd4c-4311-832e-d62fd779ecc3,26,5037
e85c3165-ad0a-44a3-9683-d8cf7575f465,34,4361
e152a2e1-c510-404e-a100-24246bb6cc95,19,4311
98ebf9c6-1d94-4e21-9007-c623875fdb5e,10,3957
1854538387432581604,21,1854538387432581604
1831178352265562334,37,1831178352265562334
d89dc10f-9be3-45a5-9c3c-06c04c963436,3,3887
1882824287789509296,29,1882824287789509296
66dd4c5f-0aca-11e7-82f6-3863bb44ef7c,9,3164
66dced76-0aca-11e7-82f6-3863bb44ef7c,22,3078
19d17911-1e4a-41fa-b62b-719aa0a6182e,11,4715
62b97c1e-9d06-4c5e-b9c3-d76099e37fe4,17,4618
c00ef46d-fcde-48e2-afbd-0fb595fe3fa7,26,4748
96e72113-3681-4d19-88bb-032e76720093,4,4736
eb07bdfc-3a6f-40eb-96d2-0b92ac371619,9,5031
1814901062206225038,24,1814901062206225038
1848241791125254746,15,1848241791125254746
1869753057823626206,25,1869753057823626206
bf880f45-422c-4e0b-b3b0-2b1f5ba94da4,9,4156
563389a0-d90f-4155-9c50-528459df26aa,5,4831
1828968883163894358,10,1828968883163894358
62f8f806-bd04-4282-9c5d-ad4293644e3c,4,4508
66de13dc-0aca-11e7-82f6-3863bb44ef7c,8,3345
4e9a1c3a-20e2-4fd5-b8de-fbf8d43e7bcc,19,5035
66dd4a52-0aca-11e7-82f6-3863bb44ef7c,28,3159
09dfc0e3-a448-477c-bb3c-9467dc51ef8d,11,3709
1f088432-0460-421e-a1d9-36890fa5396d,8,4142
18a2cbb6-91f2-4393-82fb-b40a8ba90f20,3,4062
0dd71c6d-11ee-4ad4-ba99-36b9ad36112c,4,4942
66db75cc-0aca-11e7-82f6-3863bb44ef7c,9,315
1d3a8670-09b3-4127-b750-af5311e565f0,16,4168
1875415144760576328,29,1875415144760576328
1835246937517543544,26,1835246937517543544
1838071008881986168,53,1838071008881986168
66dc10d1-0aca-11e7-82f6-3863bb44ef7c,31,432
66dde630-0aca-11e7-82f6-3863bb44ef7c,56,3296
1817822909864556798,4,1817822909864556798
837b7db3-55c6-4595-a497-834972631752,22,3901
1815968237323833702,23,1815968237323833702
66de25bd-0aca-11e7-82f6-3863bb44ef7c,69,3373
1846085734612252774,33,1846085734612252774
1860188747953293684,5,1860188747953293684
1096fc76-794e-4343-8eb0-0dd6c9a48266,18,4569
59b747c1-fbfb-4a3d-9394-8d06834d7c98,14,4459
655ad2f2-6bcc-4eee-95a9-4f528c0b81cd,6,4112
66dcc0b2-0aca-11e7-82f6-3863bb44ef7c,27,3053
f9ed9a6b-097e-48b9-a9d1-79d084dcd2d9,35,4493
3eb10c63-ea4c-4161-b07d-a29034f7367a,12,3950
66dce9b5-0aca-11e7-82f6-3863bb44ef7c,24,3075
a3d72b5b-9587-4f33-9722-c01e20a9b358,10,3842
3a89411a-0bc6-4ba3-bc56-fab950c8eba1,7,3770
c3062f44-c5b9-4650-a4ec-cc66cbf5b944,18,4578
1840504138040045682,7,1840504138040045682
f523c481-ba41-44ba-96e1-0c431fbea558,22,4766
90b141b9-c39f-4a26-a32d-08c7d1474d52,27,4144
66dde103-0aca-11e7-82f6-3863bb44ef7c,38,3284
1835246658344669972,13,1835246658344669972
66db277a-0aca-11e7-82f6-3863bb44ef7c,27,82
59df3823-0369-4a10-8132-05df34a170af,21,4593
66db3053-0aca-11e7-82f6-3863bb44ef7c,22,152
ca5cc034-a95d-446e-8314-6691589886b1,9,4860
a2ef8ed2-6031-4049-b7dc-9838ef39889b,19,4202
18eccc71-66be-4e4c-8335-095a9bf0df94,8,3629
bc5235a5-7f10-4a27-806e-9c25fa700959,42,3547
8aad788d-c7eb-4fca-a426-c39f47741a6f,15,5071
66ddb66e-0aca-11e7-82f6-3863bb44ef7c,15,3243
66dd2060-0aca-11e7-82f6-3863bb44ef7c,61,3115
77e31650-e86a-4b06-b2de-b92df2a7a7f5,31,4304
180b83a0-329c-4069-87be-df862cb1baed,18,4378
66db2a71-0aca-11e7-82f6-3863bb44ef7c,36,127
66dc0dab-0aca-11e7-82f6-3863bb44ef7c,73,422
1dacb0f6-29f5-4d1b-b910-92ffa5b4ca5d,6,3584
ed279ef2-52ee-4ff2-9a52-edd8137ea034,27,4779
66dc1d80-0aca-11e7-82f6-3863bb44ef7c,53,448
bfe5e69d-89ff-48b3-bf20-80cbdfa443e0,66,4425
1815967442754883940,35,1815967442754883940
4f814d78-5d8d-458b-877e-2ca449b865be,6,4014
2ebbe93b-a013-464a-b4a5-0eba96f89676,17,4852
0f98907a-d4cc-45e0-b174-7d9dfda74106,1,4303
457ea5d7-d643-4028-87db-46dee0b81555,41,3856
44c23eaa-7ddf-40b3-8373-6f3880c5e1b1,17,4160
cbf76774-1276-4cf8-9442-f00571f1451c,47,4225
6fab98b7-b06a-49d8-a4d1-087ffce0ebcf,2,4157
754ac5df-f2b5-4636-8c58-ed84ea262bde,2,4603
eb217a2c-1dd0-4690-a34e-ecc1a708f883,30,4424
c2d549f8-f54c-4a0d-9ecd-6e6f79118279,28,5013
068b919c-f649-4091-8e12-ccf37191cad5,3,4213
66dbe15d-0aca-11e7-82f6-3863bb44ef7c,30,372
7aa86431-bbc5-4d9c-8198-9630c9d32a22,20,4367
66dbc420-0aca-11e7-82f6-3863bb44ef7c,38,350
517409d3-a94a-4140-a6de-ff0de9221ed2,4,3983
66dbef15-0aca-11e7-82f6-3863bb44ef7c,13,398
1860189327773878824,32,1860189327773878824
66db9e99-0aca-11e7-82f6-3863bb44ef7c,26,341
6e5a8cab-cf1a-4584-8133-01835b56ad71,17,4166
fbaffdbd-dab5-4127-9bd5-36bf58093ea8,31,4832
66de0cab-0aca-11e7-82f6-3863bb44ef7c,39,3333
1862008939006380034,16,1862008939006380034
1851254468343716806,20,1851254468343716806
943a1a27-1328-4823-8945-28d845280383,33,4447
66dc8a3d-0aca-11e7-82f6-3863bb44ef7c,17,537
ef6216aa-d3c8-46bb-8c6b-b62f8ba51b16,2,3824
481624f3-9377-4dfd-a5dd-de05a7fef760,5,4103
581bc4fe-cf14-4767-8377-6fa156ff8a29,18,3961
1862008701134683118,11,1862008701134683118
1b038e21-e199-4c47-bef0-f4bcdc06b73b,18,4407
ebae0b66-e463-4ded-9b7a-43c0aca9b37a,9,3931
9af90faf-0b9b-451b-9cb0-20ff421ca1d9,4,4153
2e66af7d-bcdd-441f-9f7e-7e17f5c9275e,12,4945
1786697771181570266,42,1786697771181570266
93da4d1b-d574-45b0-85d7-5b82e2887267,20,4398
d45b62b9-7d6b-43b2-bf1e-2c898c55dfd2,6,4471
b896d83d-5524-4c9c-a2aa-c1b0edaadc22,16,4083
66dd45c7-0aca-11e7-82f6-3863bb44ef7c,40,3148
66dbcbbc-0aca-11e7-82f6-3863bb44ef7c,60,363
765ee572-6c7a-4ed3-a2d4-f1496ea53996,19,4550
1849009654626746672,22,1849009654626746672
1828967979464708718,5,1828967979464708718
d040a7b3-85b5-4c0d-9c92-3f4ad0082143,5,4308
66de4bbb-0aca-11e7-82f6-3863bb44ef7c,17,3398
5526b855-dc09-4159-a20a-99651861a481,22,4346
66dd5407-0aca-11e7-82f6-3863bb44ef7c,37,3178
66dd3d7f-0aca-11e7-82f6-3863bb44ef7c,19,3131
66dd26f9-0aca-11e7-82f6-3863bb44ef7c,21,3127
a4d041fd-c5fa-4f52-800c-25d7a661a875,22,4017
6542d952-ca19-410e-9290-ee6b7a6e14cf,18,4567
66dd1f44-0aca-11e7-82f6-3863bb44ef7c,35,3113
0de1f95f-8b1b-4e5e-9eff-73c63265b0ab,14,4329
162d5859-b735-4ff7-9613-01b21f22c1cd,15,4665
66dba303-0aca-11e7-82f6-3863bb44ef7c,8,343
66de677e-0aca-11e7-82f6-3863bb44ef7c,34,3424
66dde76a-0aca-11e7-82f6-3863bb44ef7c,15,3299
d73e26de-8534-4b46-a321-3cae295ef9b2,21,4059
ff745407-c087-4c0d-a965-98baf078f292,40,4878
c606bae0-889c-47c3-8202-9463ef147655,22,5060
66ddec3e-0aca-11e7-82f6-3863bb44ef7c,38,3310
66dd4d70-0aca-11e7-82f6-3863bb44ef7c,46,3166
66de71af-0aca-11e7-82f6-3863bb44ef7c,18,3429
33840944-aa92-4d91-9de8-d29e5cd0b2d9,34,4482
b4a320d6-2611-4940-96ca-17fb297ec826,2,4114
ec42fb3a-af54-46aa-a8b3-b17d72ed4475,24,3586
475c44e1-31e3-4c60-b071-af2ca3f7618c,29,4915
bbc3c1df-f7db-4f54-8d5c-b8f4269ecb48,29,5068
1869753654337059182,21,1869753654337059182
d5cabb43-6c78-4022-964e-a8b02470509e,28,5028
1960019951675478680,16,1960019951675478680
1900660954723519204,32,1900660954723519204
7f402242-dc1b-4a48-ba21-58c4fa7216b4,22,4950
66dea7b5-0aca-11e7-82f6-3863bb44ef7c,3,3459
1862002854876824190,10,1862002854876824190
1871698223344654662,20,1871698223344654662
c4e9905f-457b-4be0-a878-2aa53fa0b09b,7,3779
3d68a3fd-91da-49e8-9cd5-69b333863789,6,4456
0fa27bd7-b182-4e7a-b5bb-90f4249cb368,16,3577
66dd4ec7-0aca-11e7-82f6-3863bb44ef7c,56,3169
82c85f05-4722-48ae-9f64-0522012eb3c8,17,4184
1840540852548303628,11,1840540852548303628
549b5bc4-b949-4eeb-8ffb-2215e1e49892,71,4281
1905837242740508940,6,1905837242740508940
66dd515d-0aca-11e7-82f6-3863bb44ef7c,4,3172
633fbc4c-7617-47ba-a393-aad7a8d26a3e,5,3676
566a6389-5c22-49ca-8c24-4d9eea135170,12,4393
1880643645302280466,22,1880643645302280466
99614ecb-2329-49fa-a13a-fa1ef2bb32d6,14,4201
1f8f6714-42a7-45d5-86cd-a093c940b2c9,6,4635
372c592e-09d8-400c-9595-2aa3510f39b0,15,3846
1859808514684217788,21,1859808514684217788
cb9840a3-4ae2-420d-865c-9ac45e2f5485,11,4019
66dd1c7f-0aca-11e7-82f6-3863bb44ef7c,72,3108
ab6aadd8-fa45-43aa-abea-c8e01ec5a0c8,10,3757
66de0d91-0aca-11e7-82f6-3863bb44ef7c,24,3335
1835618878584115330,28,1835618878584115330
66de12ff-0aca-11e7-82f6-3863bb44ef7c,35,3343
9635affa-8b18-42d5-84c4-7f67ad5ef9d0,12,3922
4e747443-d481-4aea-a6d1-cf20204af4ba,9,4175
7dda8844-60ba-4449-b05c-54c1d14ab5fb,33,4689
0f45bcf6-7028-4584-a51e-4129847dbebc,1,3905
1869743938848725856,5,1869743938848725856
c3189056-8eda-4278-891f-e8e15c2d759a,8,3537
59af018a-2ee9-489a-b445-bb6fba9c1119,5,4054
66dce8db-0aca-11e7-82f6-3863bb44ef7c,45,3074
66db76a1-0aca-11e7-82f6-3863bb44ef7c,83,317
c190f78c-77ad-469e-aecc-e2af7bb6d92a,23,4307
595cf79f-7783-4373-b3d5-775bcf76033b,11,4127
66db447a-0aca-11e7-82f6-3863bb44ef7c,22,260
75352ab4-8a31-4926-8b59-048a9e506452,10,3907
807e9f5a-49b6-4b7e-847b-4a60cff330ed,9,3862
f833d403-2cf5-424a-a3b3-0314a44b4a67,35,4340
84a7baff-415b-4ab9-a859-74c2801483ce,1,3772
053312f2-e77e-4674-b28b-ad357fbcb4ee,41,4651
0b613329-b8c8-4b8c-ad40-79952aa41157,27,3496
c2bb1874-bcb7-47c5-aa7d-05423b9087e8,30,4917
f3140fb8-347b-4dca-96df-eeef2d1bfc50,6,4332
66dd9fa6-0aca-11e7-82f6-3863bb44ef7c,4,3233
66dbec40-0aca-11e7-82f6-3863bb44ef7c,66,393
cf1a96a7-f695-4ba2-bcf2-899552e21e47,2,5005
0138452a-b9f4-4aee-80b0-7fae9a122ffe,23,4279
1834145589124844432,2,1834145589124844432
66dc120f-0aca-11e7-82f6-3863bb44ef7c,4,435
901ad0c4-383e-490a-8b54-0656ce2358d6,4,4267
525535e3-dde3-47b4-9c2e-0174eaa4f2bb,17,4961
e35c42c6-8b73-4528-b08d-c94b75624b40,14,3765
2a66ed0a-5e6d-4893-a1d1-876bb2bac4be,4,4200
7779e057-b33e-46a7-8a1e-8c28bcd9a558,9,4905
b371c432-b682-412f-9b85-8df84ce7a9f3,9,3946
5f63411c-91ce-4788-a567-d388cc812a15,13,3505
bc9c9006-3d40-400d-8b5c-17f56e6dfcee,6,4052
63a838a8-9acf-4ba1-91f5-c676f6ef2f7d,26,3819
823ef531-40e6-4397-b973-86bf5b032076,16,4970
f681f980-185d-45b9-8490-bb2606624dd4,6,4576
6d766daf-9298-4059-a329-1818582d495f,12,4758
66ddeaff-0aca-11e7-82f6-3863bb44ef7c,30,3307
1860189650739626488,22,1860189650739626488
1795146692060860976,13,1795146692060860976
0687075b-cf2d-4130-a859-fe841aafbd3f,14,3554
816e50eb-dc4b-47dc-b773-154e2020cb0d,5,4391
d2b23c87-b7c3-48c2-a634-db4b76ecbcf7,12,4929
66dd1d9c-0aca-11e7-82f6-3863bb44ef7c,34,3110
1849010133527040242,30,1849010133527040242
b4974d89-932c-4a9f-a264-2ea0cf70613e,6,4487
66dbf062-0aca-11e7-82f6-3863bb44ef7c,21,401
e73cf71b-db05-44f9-b57a-689d65320d68,35,3493
fec4aa1b-9fc1-4dd9-ab39-c1d7370a6e54,10,4143
fe65853e-b20a-4250-9677-2aa177283b72,15,4000
66dc82ef-0aca-11e7-82f6-3863bb44ef7c,1,524
66de1c33-0aca-11e7-82f6-3863bb44ef7c,34,3360
380394f7-64fa-4a65-a4d1-7bcaddd41fab,30,4423
66db33fc-0aca-11e7-82f6-3863bb44ef7c,11,168
66db46d7-0aca-11e7-82f6-3863bb44ef7c,32,266
87091002-cc25-452a-b5d9-f8d0c3fce422,4,3895
66dc9068-0aca-11e7-82f6-3863bb44ef7c,4,2006
1945126257666675246,31,1945126257666675246
1860189190334925058,13,1860189190334925058
64de0666-b9ab-404e-a16b-03e449bb5b4d,22,4898
1786375597504305174,29,1786375597504305174
94bcf812-5cff-460c-841f-54876ed1e7a4,13,4971
7f3aa940-18ef-4900-89dc-cdb05f693f31,13,4903
d7f55e1b-12db-49d1-9cd8-4fb464745841,6,4814
d52d4171-fd60-4a28-b7e2-89f3693e0591,7,5065
989fdf95-cfb9-475c-ba0c-3152fd3a16e0,25,4352
66dd455e-0aca-11e7-82f6-3863bb44ef7c,14,3147
1838070626762830158,22,1838070626762830158
7f1b4c40-d9fa-4182-be0e-a993655cfb6f,32,3949
9991b75b-a9ba-4abc-bf84-0108291be05a,31,4449
c042a307-2d7d-4ee9-95b7-a7505a3428c2,24,4712
66de1368-0aca-11e7-82f6-3863bb44ef7c,33,3344
66dd3fc3-0aca-11e7-82f6-3863bb44ef7c,33,3135
e6b6c6e2-5fcb-47cd-8f2d-4324b7c977c8,22,4662
a90e9ad3-4347-4fa4-b031-9bf1f69ce049,27,4793
bdcbd89b-9ae0-461b-aa1d-7db7ead07400,18,3762
dadd2084-d844-46f5-b7a4-128d31eeba8e,8,4627
1871972060496771504,11,1871972060496771504
8e631be4-1e0c-4627-a261-18f0003d0ba2,12,3536
1846085533896197012,17,1846085533896197012
c37931bb-8571-4671-a9a8-f3cf23897680,39,4478
3299ff79-36aa-42ef-b7f1-c40e95c8f570,37,3523
0c923abb-298a-4a47-b132-9fae73cc59e6,27,4215
1843486390605672640,18,1843486390605672640
66db2e3a-0aca-11e7-82f6-3863bb44ef7c,28,146
35b8b636-18d3-4860-b0a9-39c0bce96a10,18,3563
48e7e465-f861-452a-9bf7-7eacd0b2bcac,14,4374
6651fc84-09d1-4cdb-a8d5-7d6345fb3466,26,5070
c0a3b8fe-ba64-4cbb-b010-f760998d6c3a,12,4133
66dc22a7-0aca-11e7-82f6-3863bb44ef7c,9,458
66de0bcb-0aca-11e7-82f6-3863bb44ef7c,55,3331
1828964993433043090,20,1828964993433043090
55ccb271-7035-422e-bee1-20e84caa0217,26,3813
66dd18dd-0aca-11e7-82f6-3863bb44ef7c,22,3102
999865d2-0735-4e85-a9d4-00810231530e,19,3648
32c60668-a192-4d06-aa7c-6d6f7aed6b45,31,3588
bc512527-7863-48d5-aea8-3de470abc1ee,24,4004
66db8ca4-0aca-11e7-82f6-3863bb44ef7c,69,326
77463580-6421-403d-b170-f2660c216175,16,3841
4753c893-e4bd-4d6a-bc4d-42209a19ebeb,7,4542
a23a40c3-6da5-4b0f-bb6b-8bfc01ec2261,24,4032
66dc9143-0aca-11e7-82f6-3863bb44ef7c,35,2009
c0a2d591-4eed-488b-b88b-0b23990e3756,11,4601
1786697166576476490,9,1786697166576476490
1786687245202023014,37,1786687245202023014
2b33334b-243c-4a16-a6d2-32304c8884f1,18,4551
66dcccfe-0aca-11e7-82f6-3863bb44ef7c,10,3066
ffaa8f6a-a4ea-4d3a-a57c-f42f77cd4581,6,4911
1814906873296976512,23,1814906873296976512
66dd243c-0aca-11e7-82f6-3863bb44ef7c,84,3122
65a1b09d-560d-46bf-8f5d-7f59471a587e,14,3999
fd0e86e3-079d-40aa-8231-ec2cbdbd9e7f,16,4379
06f0d251-e1e3-435c-8c5f-9b991a14ca4a,21,4259
2868db5b-df51-4c36-8515-ef77a5b092c2,4,3759
f3b359e2-7983-4aaf-b6b0-e3b7d30816a4,16,3758
1854255035042870020,23,1854255035042870020
66db6d40-0aca-11e7-82f6-3863bb44ef7c,33,303
66dc741f-0aca-11e7-82f6-3863bb44ef7c,5,496
1814907062275537820,35,1814907062275537820
1906951766876655628,10,1906951766876655628
66dc48ef-0aca-11e7-82f6-3863bb44ef7c,2,484
f882ccc8-45aa-426b-aef6-514fe1d3d9cc,16,4331
398aa734-3893-4dba-a704-57ae8632c4f9,5,4314
68827e5f-ed28-45de-99bf-66093a8c504f,11,4952
01839a78-f228-4706-8f7f-147b857492f2,21,3928
e72f0aec-2293-4636-988c-b9d30df092f8,29,4118
2bf9addc-038b-48fe-8794-dde085c5e5dc,17,3734
66dbcdfc-0aca-11e7-82f6-3863bb44ef7c,2,367
ddc8ca6c-dceb-4603-ab1e-4bd972ca2a3d,26,4399
81a34754-ae08-47a6-964d-4733849a8fab,15,4146
fb180cce-96ee-4e66-b3ce-000f3db6e670,3,4968
40914c6b-293d-49ac-b83a-d9d4af998aea,7,3969
1869753340438110380,11,1869753340438110380
d2024260-cc58-451b-9417-3a695f8a1b34,19,4661
eb8fcff2-6f58-4724-b564-ebc9a8d374d8,23,5052
1827839088308194240,48,1827839088308194240
679dcf08-d88c-4d1b-b81d-fe9f4aabbff7,17,3879
d11db4cd-f9bf-430b-ac19-104fef323b24,31,4841
6ae35aa8-644e-4b2c-b6a4-6570192f78ab,10,4509
1945125910957847430,28,1945125910957847430
d8e02e7b-632b-4fbe-95b9-80efa47473e3,2,4437
8f72fe26-98aa-4e87-a612-9ae0eb1d9a38,5,4810
66dd4f31-0aca-11e7-82f6-3863bb44ef7c,36,3170
66dc9223-0aca-11e7-82f6-3863bb44ef7c,21,2012
66dbcf18-0aca-11e7-82f6-3863bb44ef7c,14,369
753591ba-36f7-4ded-ab7d-40df9994a05f,30,4892
1854538793462575652,20,1854538793462575652
0e5be726-2452-42a0-9be8-ea85c8408e4c,31,3602
4d674595-187c-417c-a691-676c4446c9fc,22,4064
a19d37cc-6070-4e4c-b4ad-3ee21e4a11cb,65,4280
3ff00115-e8da-4326-97d3-7bf4fe4df7a5,20,4904
1848241963446241866,27,1848241963446241866
7cb65297-c880-459a-b054-4e059576c02a,15,4732
4f57360d-a4cb-4568-b74a-f3086ccaee2e,25,4443
c8060816-b4aa-4fd9-bc66-af28bf61dc87,9,3960
6908ae75-b9a1-4f20-b192-95dc43e858a8,12,4879
efa2a82f-eb4a-4b82-a602-6c42cb984101,4,5019
8f1fdf4b-ecca-4f03-b04c-e10fe596e2c7,4,3973
923a60f7-2a0e-4a31-8dd5-66c8518c929e,34,4776
66ddbd20-0aca-11e7-82f6-3863bb44ef7c,41,3255
1875023224873448258,18,1875023224873448258
1860187430946456420,20,1860187430946456420
66dc79e6-0aca-11e7-82f6-3863bb44ef7c,14,508
1834145868297717964,3,1834145868297717964
1838618090943186984,5,1838618090943186984
66dde3b1-0aca-11e7-82f6-3863bb44ef7c,38,3290
9719498d-bd5c-4424-86ac-dfe0795c57d1,11,4258
66de1f7f-0aca-11e7-82f6-3863bb44ef7c,27,3363
fea72f55-d296-47af-9446-149688dcccbd,7,4212
85ba92ab-8d0a-4d17-9d07-0173e16d3b6d,3,4897
66dbca0f-0aca-11e7-82f6-3863bb44ef7c,45,360
77b21502-a7a2-40b4-8f3e-f9c6c6ef0939,8,4813
d1c204d7-d575-417d-b134-6ebdf7e99f98,13,4315
1854537815365165328,20,1854537815365165328
cc7b86cf-a2fb-4738-b967-de7b197dc930,26,4702
1813395029173762108,56,1813395029173762108
66dbebad-0aca-11e7-82f6-3863bb44ef7c,37,392
66db3f62-0aca-11e7-82f6-3863bb44ef7c,57,245
1861680889400379678,14,1861680889400379678
ccaadb70-6c87-4ccc-9914-a3167bd1bc0e,6,4009
66dd2786-0aca-11e7-82f6-3863bb44ef7c,9,3128
514f3dda-4d08-464c-b2d4-5706d400065a,8,4780
1882735457106787122,16,1882735457106787122
785b3e6b-dab5-4d25-afab-e2a1ef918669,25,4792
bd30f2a1-38ec-474d-9e36-07f688e87427,20,3899
1828969726487003714,17,1828969726487003714
1885718199416500650,14,1885718199416500650
66dc481a-0aca-11e7-82f6-3863bb44ef7c,10,483
1820420022433309054,23,1820420022433309054
5d994b32-b7a5-450d-9bbb-93bf3b03e6d5,12,4191
e4980fd0-e540-40ca-acba-c2a74f3294fc,20,4350
b9deb521-41b6-4f8a-ac78-0e58e3977f2c,20,4886
d67375ea-3f93-4996-b0dc-f542341f2e6a,14,4771
f06c01c3-fd7f-443c-a0c7-fc9233d77f6a,34,4417
33c533cd-5f0e-4c15-a00a-6a2bf1e2d077,39,4214
66dea52b-0aca-11e7-82f6-3863bb44ef7c,6,3453
b64eb0a5-d6d4-4f45-8c9a-e2d004819c99,12,4305
1835249317786962140,27,1835249317786962140
0cc38ba1-4625-4821-9a6f-e490525cbce2,33,4345
ea9a19a6-acea-4286-a723-b5481c90a3c0,22,5072
ace80a8c-6196-484e-8dd0-061e3c90389b,11,3825
bde94a25-6089-4490-af3a-8cc5702230b8,41,3467
f54ad1f8-fe58-49ac-82ae-b742aec66829,8,5081
c7ffe3fa-9cd6-4d35-9060-7d5822381442,98,4724
4543214c-c9d4-4f20-9cd9-dd05cc365931,51,4592
36025f2c-ee4d-4c1a-832d-733cf37f98ef,33,4545
73b403cf-86fd-4f93-a484-5cb06a2abeea,14,3658
e6f3c665-0c87-4f34-a5e8-69baeed7b7bf,3,5075
7f6674c4-5568-4766-b172-0385348ae184,17,3945
5e93b806-08e1-4ef9-98ae-d3dda20e0469,23,5032
48b19cc8-bf45-4602-89ac-a8c0a0560c43,3,4609
3bf69f3e-23f6-4abe-b5fe-dabe6b0ea066,9,4063
dccab832-b4a2-4105-927d-b52ec0d92c92,16,4372
80969478-8dbc-42e1-8e16-ac0132a431c2,30,4363
50575cba-95ac-4134-9da1-3eec8253afc4,2,4075
3f878b81-324e-4673-9221-43d34647e76f,19,3795
7a15d81b-357e-42e0-b208-93ffd562fd63,18,3492
f7e7f14f-7c39-488e-849b-92c41059eb07,2,4564
7d9a1b9e-0123-4561-a111-b3735fada687,8,4107
1908785111291682996,7,1908785111291682996
b03adb87-2bd9-43a5-a822-7d06a9ee2d81,14,3771
852218fc-5e5b-4153-bc3f-03760b57e68a,6,4179
9c2a741d-7f3e-4aa1-b58b-db5c3e6bcb20,27,4082
66dcbf69-0aca-11e7-82f6-3863bb44ef7c,35,3050
94771406-6712-4508-9392-11e9d90e1185,15,4866
0eacb768-c7d5-4499-9182-9a1331d9280c,24,4342
9b4a92ae-cefe-467a-8e35-5ce02d4f3a45,8,4182
c56739c2-b310-4d73-ab0e-b6036abd9561,21,4318
1a5eae13-8f27-4875-8330-a796c95f8ad6,2,4155
66db65aa-0aca-11e7-82f6-3863bb44ef7c,10,293
2cd651e7-1e3a-4cd9-8fd1-a2416e032f6e,9,4005
c29c9178-bcb1-4c0c-b789-f4a89512a4e4,5,4105
03872f6b-a522-4c41-a4f2-5d0c41779e7b,2,4933
66db4282-0aca-11e7-82f6-3863bb44ef7c,10,254
1843486667668726558,30,1843486667668726558
3db2fa34-0b56-4644-9ae9-bbee1583e717,18,4115
52dd11f4-bbd0-49ab-912b-06fac40d275d,47,4485
66de110b-0aca-11e7-82f6-3863bb44ef7c,42,3339
4775fd25-2240-44d7-884a-d777d15a9b5e,18,4173
189f573b-a2d0-40d2-af15-83c5015d93e2,22,4420
66dc7de9-0aca-11e7-82f6-3863bb44ef7c,108,515
22e38a04-e70d-4484-bbf3-f6e8c64fdbd4,11,4547
0ebdda6a-37e4-4ff4-94e8-3947f49d8e24,3,3835
9e0b3452-ef6d-4e94-8c05-7bef199cdb74,19,3606
514afe43-84d4-4941-8281-75a93c5cd365,22,4130
66db7a0d-0aca-11e7-82f6-3863bb44ef7c,12,320
324af152-33ea-48a7-8bb0-ad8b6f31571f,38,3479
a1112e04-bc50-4782-b3d6-bb5902c0e8db,16,3942
1876864480506022446,27,1876864480506022446
a82cc641-0926-4a63-b488-7060ab7dcd74,44,4784
1834145468418707676,19,1834145468418707676
66db3708-0aca-11e7-82f6-3863bb44ef7c,36,217
66dd20eb-0aca-11e7-82f6-3863bb44ef7c,36,3116
e666a344-1afb-4512-b2e9-2fc5ed71be2b,12,4320
66dca682-0aca-11e7-82f6-3863bb44ef7c,5,2021
66dc8768-0aca-11e7-82f6-3863bb44ef7c,35,532
1856847127505992556,26,1856847127505992556
66db6da2-0aca-11e7-82f6-3863bb44ef7c,21,304
66ddb6d9-0aca-11e7-82f6-3863bb44ef7c,9,3244
66de103b-0aca-11e7-82f6-3863bb44ef7c,17,3337
66db631c-0aca-11e7-82f6-3863bb44ef7c,19,284
a76299eb-73f7-401c-aa8b-edff9ef003bd,35,4620
1841926579628419438,8,1841926579628419438
467e1de6-73a6-480f-9e83-fd1b03b71047,19,3854
d08be53f-9691-4d6f-81f3-7d052abb7dd6,10,5017
31f340f3-3201-449e-b017-a26813aa448f,18,4400
145bbc0d-8976-45ae-9565-158ba564d3d1,14,3775
ab5c5ee6-9c4e-4aaa-a14e-d236d3e01d9a,30,4773
e10a6e12-d98c-4625-940a-9f83d9b2f6c4,16,4277
1202a491-9f76-4609-9b5c-eb7723ab5b45,19,4859
f752c376-3a6f-4cd3-b9fd-3c049d45a9a6,8,4091
be435dfd-e859-487c-ae32-3d2b76d49a49,10,3976
6ca15d94-897a-4c81-ab47-366829afb7c4,4,3840
1849008925260421550,20,1849008925260421550
1865017865553426604,21,1865017865553426604
868586b3-ddc7-4b4b-9bed-a1e487033aaa,41,5009
3b7cdac2-c7cb-413b-b8e4-7ee5c58260a4,32,4749
ecbfcdb7-fffc-4d45-bed2-1510fd45834d,17,4080
66dd23a9-0aca-11e7-82f6-3863bb44ef7c,10,3121
39f756c2-3904-463e-95a8-8d8e3540e845,52,4722
52e81f02-b1f9-45d6-9e5c-e15277de1268,26,4274
1846086463217404850,23,1846086463217404850
1877920686883352866,26,1877920686883352866
66dbe441-0aca-11e7-82f6-3863bb44ef7c,33,377
c530a1cb-7c60-4651-be8a-9bfa5eb43f8a,19,4161
c02864f0-2611-440b-98f4-45fddfd545fe,19,4291
1836581441921155232,8,1836581441921155232
1828967346753327602,21,1828967346753327602
1838685618105506490,25,1838685618105506490
66dcca0d-0aca-11e7-82f6-3863bb44ef7c,34,3062
66dd51e6-0aca-11e7-82f6-3863bb44ef7c,101,3173
1860188069348460678,29,1860188069348460678
66de88d7-0aca-11e7-82f6-3863bb44ef7c,2,3440
4168e5a4-c7ec-4045-bfc8-84ac5edbe845,33,4707
cf284d60-23e7-49ec-91dc-8bfedb59cb6a,18,4497
760ebaea-f7c7-45ad-aa3b-395d97adcf8f,22,3511
1845677022981917240,27,1845677022981917240
66dc8bfd-0aca-11e7-82f6-3863bb44ef7c,13,540
8456b63c-37c6-49a6-8c02-bb6dcfc35041,18,4465
1828965887815635862,10,1828965887815635862
17aba164-9d41-4336-9767-2218b8994ded,6,4964
6a52ceae-3b97-487a-9438-de844bfbf1c2,2,4109
774c5443-d463-42b3-bfc5-b0ab3c56fe35,8,4065
5f2766b0-362e-49e5-ab09-05e2c4b6f626,26,4611
66de542a-0aca-11e7-82f6-3863bb44ef7c,32,3409
b47e5ffd-4215-4476-a89b-ebe52111f763,47,4037
c4d6b123-df5a-446d-b0ae-d3c4846565d5,14,4249
8f672aa7-08a1-4fe2-a471-06f219c0eb1b,8,3941
7a771842-c090-4da1-8c13-72b7f4f50a87,35,3668
14f928c6-9a51-40a2-b7e6-a74e8b351dbf,22,3529
1864605659096685518,22,1864605659096685518
1877653505745721834,1,1877653505745721834
1835247469495105628,33,1835247469495105628
66db79a3-0aca-11e7-82f6-3863bb44ef7c,10,319
b1e496f1-43cf-48d0-be49-ab0d760c00bf,3,4849
66de3fde-0aca-11e7-82f6-3863bb44ef7c,30,3383
66dd43bd-0aca-11e7-82f6-3863bb44ef7c,14,3143
d0b87aa7-7e19-40d2-8f7d-6a622e6ac391,21,4023
66db479e-0aca-11e7-82f6-3863bb44ef7c,2,268
9ac5758f-0419-4e28-8387-6bcd28db17fa,11,3951
1849009534951225816,25,1849009534951225816
4a4c7548-2466-48ef-8d7e-0aa4d6acb69e,2,4910
15e1568b-f502-47a2-9d3d-b5aaa1edc239,3,5067
1958457675193833900,23,1958457675193833900
a6a132f9-89bf-42a4-afe6-1ca449b7f570,2,3878
29223935-a682-411c-9f25-577bbb9804fc,7,3773
9b721468-3b28-429d-9e13-580cdf00a6a4,10,3763
1820420224296772166,23,1820420224296772166
99142ec8-c0e7-47ca-916c-c1097d48e133,39,4341
956de8aa-9e06-4efb-8eb0-35fe9b274a48,20,4874
66dcf023-0aca-11e7-82f6-3863bb44ef7c,19,3080
1815967051912860522,26,1815967051912860522
66dcf640-0aca-11e7-82f6-3863bb44ef7c,11,3085
a37bd0e0-d1e9-4302-9ff7-286e415aff1c,14,5004
46dca5c6-7bd3-4a4f-aa1e-33aa66652294,16,4979
e6c2a46e-431a-4101-af84-870f660ff4cb,19,4111
afd76a0e-ceb8-4d18-a427-b378c4d07a75,14,4591
1817432954560889524,20,1817432954560889524
66dc8eb1-0aca-11e7-82f6-3863bb44ef7c,47,2002
2436e886-dc53-47cb-8733-d663f9dcd922,27,4070
66db6889-0aca-11e7-82f6-3863bb44ef7c,26,295
9b7e3b8b-97ef-4038-820c-7cd1c1a34fc7,36,3490
a724eb92-55ca-4b9f-9a87-c2e87b3cbd40,10,4506
1843486189591985058,1,1843486189591985058
66ddef96-0aca-11e7-82f6-3863bb44ef7c,32,3318
b7df61c0-8ead-46cb-9d6e-a6a3011ffb71,4,3600
66de44ba-0aca-11e7-82f6-3863bb44ef7c,40,3389
1851674088959433552,15,1851674088959433552
66de269c-0aca-11e7-82f6-3863bb44ef7c,12,3375
1843486597735840252,24,1843486597735840252
ebce9ecb-9678-4c42-89d7-08e54bc6fe90,27,4154
a617924a-31b7-45ed-8793-099b7274f34c,19,3620
e2fc6d90-8deb-4e21-961d-9d5208c1f986,24,4703
66dc0bbd-0aca-11e7-82f6-3863bb44ef7c,40,418
1864606193814670106,30,1864606193814670106
1862759079900600428,8,1862759079900600428
1861683747231494964,4,1861683747231494964
66dc3f08-0aca-11e7-82f6-3863bb44ef7c,38,477
66db89a3-0aca-11e7-82f6-3863bb44ef7c,25,324
b7d7543b-74ac-4a48-a3c4-412f9ffbc727,10,3927
4d4a3e7b-1005-4bfd-8680-340a20cacbee,28,3609
330ee4e3-29cb-48e5-845f-a8ccf1aa2ce6,5,4272
7380e377-936d-47d7-8abe-0f666d47465e,17,4087
1804894168423871442,7,1804894168423871442
1833865926273309136,23,1833865926273309136
1947001743402778700,9,1947001743402778700
66dd266a-0aca-11e7-82f6-3863bb44ef7c,24,3126
1934770108420609000,8,1934770108420609000
62e2b1dd-ca52-4e1c-a112-1d8846b9d9b5,29,4356
1a083890-e22b-4f81-8d98-567784034916,11,4554
aa0e6301-4162-428d-8943-7b684089b0d1,5,4126
66de1bc3-0aca-11e7-82f6-3863bb44ef7c,19,3359
66ddea2a-0aca-11e7-82f6-3863bb44ef7c,49,3305
66db269c-0aca-11e7-82f6-3863bb44ef7c,19,79
3013d5ac-f7bb-4e98-a49a-b9f7b76a3b50,26,4387
db91c9e0-d80b-4cb4-9cc2-9453ec8fbeac,5,4167
bb6bba3f-19a0-4ebb-a454-4ac678d9d62d,15,4953
1859811213834095332,31,1859811213834095332
66dce4fc-0aca-11e7-82f6-3863bb44ef7c,7,3069
1814900898997467540,5,1814900898997467540
1887292564377354448,21,1887292564377354448
66dc1e55-0aca-11e7-82f6-3863bb44ef7c,10,450
8d2eff37-be09-4b46-a95d-abff89e16d56,21,4343
b319c797-71ff-490c-b965-ba2ac0f50da0,5,4796
16a4effc-282e-4053-b47b-31f734d50c08,2,3504
ed5c92f1-3293-4385-9e2b-9b716a096a19,1,4504
a93cb1ec-fb37-4faf-a7e7-d1e5a9e9af95,34,4124
54782566-697b-497e-a503-dc1f39963eb2,29,4283
bb0ce308-e5d9-48c7-9f4b-cf0120f2c39a,2,4010
c45aa693-fedd-478f-ade9-bf176c4e32ff,3,5018
1786696564295760054,30,1786696564295760054
3f031133-ec95-4a92-9d63-2ae28183f498,32,4351
66dc864c-0aca-11e7-82f6-3863bb44ef7c,9,530
a958a8af-a0cc-4bca-9114-93c74ce3c693,26,3855
66db3ba0-0aca-11e7-82f6-3863bb44ef7c,50,236
1838071090619298218,32,1838071090619298218
66db5e6a-0aca-11e7-82f6-3863bb44ef7c,25,278
7f8cb36a-2bf4-4d57-afbd-331310f25355,26,3541
e1a3f2f9-618f-4727-b2d6-676e02aadf17,14,4462
bf317efc-13f1-42be-8243-373a29354033,32,3494
8ef6ec7d-e898-4edc-8f3f-af888f8c5ef4,2,4577
0197e9da-ae03-40a7-8270-fe500bfc9e18,14,4171
66dc90d5-0aca-11e7-82f6-3863bb44ef7c,30,2008
1817432233006383832,27,1817432233006383832
02fb0f6a-b1dc-4e1c-97f8-fe70462670a3,38,4436
66dd4bf7-0aca-11e7-82f6-3863bb44ef7c,4,3163
b7c6ce96-a24d-4c1e-93ee-6f49c1adf119,12,4165
1786697528321024934,48,1786697528321024934
1860188607062574024,29,1860188607062574024
daefc84c-1b16-4220-8e1f-10ea4866fdc7,5,3641
66dc7659-0aca-11e7-82f6-3863bb44ef7c,10,501
3b52be68-9123-46a9-bb45-f0d0646a5a81,18,4990
bb07a569-cc74-439e-b424-916c0304f136,20,3994
1819720453019329398,25,1819720453019329398
5f7ac86c-1a98-4603-8749-4bb83ac84acd,4,4640
c9cd8c29-7f0b-4979-9a0e-bec4613d2600,2,4743
d837d1b0-8f80-4f6c-ae45-5dd0deec6977,17,4760
1815967674683118258,24,1815967674683118258
b9c209b2-6284-4f5a-a32a-680ef9da1c1f,13,4795
79399e32-a6c6-4732-8ad4-9f9140a86b21,30,3726
18326827-dcae-47e0-8518-c4bb9e21eef6,34,4549
2e5cde21-f0a2-4396-899e-6df275e99212,29,4739
55146e49-9bc4-4f13-bdf7-25422342b638,31,4228
1817431953833509324,31,1817431953833509324
66db9cc4-0aca-11e7-82f6-3863bb44ef7c,42,340
1848241425697670086,54,1848241425697670086
b30815c0-99b6-451b-be15-902992cb8abb,24,3812
1893519215751496610,29,1893519215751496610
1849009244468810224,17,1849009244468810224
d9bc0b3e-1af8-4cb6-a082-8ef1245ef329,30,3506
711ccb32-e1bc-4577-ac7b-50592cc9b8a0,3,4548
f72a253f-3cef-4da8-9591-0cbd3a692162,11,4727
66dc1d0c-0aca-11e7-82f6-3863bb44ef7c,1,447
94624d6e-4150-4ab1-92ff-bf55cb58ab61,3,4162
5eac53d0-5510-441a-9dbb-76bd38acf4ef,3,4599
0927e331-866f-4d99-99b4-04edde99117a,34,3621
ffef95fa-600b-4f08-b2ce-e8eb034ebfd8,55,4785
66dc85bb-0aca-11e7-82f6-3863bb44ef7c,20,529
fac701fb-c433-496e-933b-ea137dbe7fe1,2,4553
1898455214498195676,18,1898455214498195676
8a13182a-4823-4fe7-afcd-a4ef0b134ed9,20,4108
92a51669-deec-45a9-8494-fafdf6356c51,41,4834
1786697932047949952,20,1786697932047949952
66de59bd-0aca-11e7-82f6-3863bb44ef7c,15,3413
9a37d8a1-990b-484c-9603-262dbd1165cc,10,4839
5f968a1b-ee60-43a0-ad25-05211e09e436,19,3828
40eaa69a-d3ab-48fc-b395-b5bdc6a1aa85,21,3608
1835247745828931742,8,1835247745828931742
1786699974232881542,17,1786699974232881542
66dde208-0aca-11e7-82f6-3863bb44ef7c,67,3286
5600446d-a00a-45e6-9dc3-550adfd63e39,10,4106
1814900752968579218,25,1814900752968579218
81640d04-c36a-4fb1-98b0-85be10be516c,6,5014
a70b26b7-fbad-4787-bf15-29f7b13a19ab,22,4275
66dccad8-0aca-11e7-82f6-3863bb44ef7c,5,3064
1815968422007427668,35,1815968422007427668
0cde9bcd-0dcb-45dc-9c9a-3e5485b5452e,3,4798
1198e739-787c-4ce4-aa63-ffaf98506e9c,7,5082
b930dd82-92d0-4d86-b896-7d8b827c2d5f,9,4937
66db3997-0aca-11e7-82f6-3863bb44ef7c,6,228
426862de-f8f2-4967-ba41-76680a4b460c,24,4227
28be450b-7878-4495-add2-61afd94f375a,15,4324
203d7b9a-8666-4af1-81c7-f9fc36aa0952,6,4129
66dbf518-0aca-11e7-82f6-3863bb44ef7c,19,412
ba0a4ada-c9f6-48b4-a7b3-7220f6fb88c2,15,4085
361dd964-db79-47dd-b044-eac88c735249,10,4025
66dea596-0aca-11e7-82f6-3863bb44ef7c,35,3454
1828967607558607844,11,1828967607558607844
1869753195262578852,18,1869753195262578852
83d1ff16-ba56-4eae-aa6a-b37b6439db82,7,4384
66ddede1-0aca-11e7-82f6-3863bb44ef7c,25,3314
c63e9937-cadb-4813-aee3-5fd3fcc93767,11,4887
1d130e43-0408-4423-bb52-77a08372cefa,6,4617
328d778a-7e71-4240-acae-b84f0fdaa5c5,22,4411
eb41a103-0196-4f19-a440-256167191a7d,11,4570
66dd491c-0aca-11e7-82f6-3863bb44ef7c,18,3156
66db3606-0aca-11e7-82f6-3863bb44ef7c,7,212
594b4656-9d83-4301-8967-3b92c126531c,22,3551
66dbe848-0aca-11e7-82f6-3863bb44ef7c,57,386
b4063b76-1abd-465c-96a4-45f6ee016bc5,2,4608
66dcbbfe-0aca-11e7-82f6-3863bb44ef7c,23,3046
1846085927885781554,25,1846085927885781554
66dbe7b6-0aca-11e7-82f6-3863bb44ef7c,1,385
b9d3134b-697f-4a0f-b90f-d95f6c69ffda,11,4992
993fc83f-52c6-43f4-bb49-4abe4ad48150,16,4408
66dbe8d6-0aca-11e7-82f6-3863bb44ef7c,10,387
1860187181307969634,16,1860187181307969634
1861682702044957494,33,1861682702044957494
1828968794479100296,15,1828968794479100296
66dcac42-0aca-11e7-82f6-3863bb44ef7c,49,3016
5db1fefa-0f10-4c58-a7ce-113f3164ced8,15,3557
6f21be51-6fde-4cde-b1db-b102a5f67300,12,3975
1869753812884512816,8,1869753812884512816
3863f086-ae35-4d0e-8c91-2b6e3e5827a1,27,3727
66dce5c9-0aca-11e7-82f6-3863bb44ef7c,13,3071
1849010226198182476,30,1849010226198182476
66db2db5-0aca-11e7-82f6-3863bb44ef7c,27,144
8b1222da-612f-4482-ab34-9467c4ed28e3,14,3937
ca4e4962-2169-4559-8f60-b05ab7809750,40,3630
36edabac-a0c2-471b-abaf-73fdb53a4e5f,10,5057
e4645d0d-8b76-4c46-b2b9-be25592e0659,5,3597
9c1c3499-1b11-471f-b59a-87d9e27e15c5,11,4008
66de0933-0aca-11e7-82f6-3863bb44ef7c,20,3327
1861681121800951962,15,1861681121800951962
1e3a16ff-65ba-4d34-b3c6-37aff44e085a,28,4706
1856766912456610780,22,1856766912456610780
d7904cd0-4b1b-47d0-8103-937bcf5ff845,22,3607
de6f4206-3aa9-4cb9-aae0-8547d2cd6854,19,3769
66de5613-0aca-11e7-82f6-3863bb44ef7c,79,3410
f001fac9-5f19-451e-a752-afde574a8c81,27,4610
085da8d4-9465-46f0-82d1-10c9c9177d64,18,4934
e8a6c13b-1f6e-4e6b-bdf8-9b0e597e4a62,6,3894
1836581534415880440,10,1836581534415880440
47bcbcc1-9241-4e65-99f1-07c15543be1b,28,3789
1828967830172187422,12,1828967830172187422
be8e6f1c-e8b5-40bd-896d-423052ba3bbc,12,3897
85b77b8d-32b8-4049-a407-64319916e2c5,4,3980
3c8847a6-c12a-40fd-9b22-4582ac1a0d9d,16,3829
3e9e50cc-f336-439f-bd0b-dec5499c038d,37,4278
66de5ace-0aca-11e7-82f6-3863bb44ef7c,7,3415
dad3b7df-ec40-4d54-bfdb-5e82be84d742,8,4427
1318e05a-2506-43c6-b49d-4c1f7f69a267,12,3872
e1886e7a-62b1-4359-9835-8ab5a16371ae,9,4622
66dde845-0aca-11e7-82f6-3863bb44ef7c,33,3301
66de867e-0aca-11e7-82f6-3863bb44ef7c,22,3436
1838999521825487230,21,1838999521825487230
66dd448f-0aca-11e7-82f6-3863bb44ef7c,52,3145
cad68b8c-6d68-4c5f-88fe-b1aa3e40727a,22,5034
66dbeded-0aca-11e7-82f6-3863bb44ef7c,17,396
90c35466-db3c-4b0d-993e-6e92883773b4,11,3746
1828966363527611286,20,1828966363527611286
66dc0cc7-0aca-11e7-82f6-3863bb44ef7c,67,420
4eb6d6a8-ecc1-4e89-a586-4f96ed3d83e1,9,4373
0f536c08-dde3-40af-a66d-1fe1e7edecd2,20,4081
387e2863-83ad-4589-8004-794a7b624801,20,3515
cc758f1a-8b28-4ff5-bc75-fbe62c453378,21,3528
1817432104157364846,24,1817432104157364846
e8df73bd-5d3d-47c9-b04d-bcec4db5540f,46,3783
1791472779085971670,11,1791472779085971670
305c221f-4e0b-4a5a-902c-3d1043dfe606,12,3598
66de4594-0aca-11e7-82f6-3863bb44ef7c,31,3391
122111c9-9a61-4372-a756-fb2495611cb6,36,4756
1884688942632618210,15,1884688942632618210
66dc8b6a-0aca-11e7-82f6-3863bb44ef7c,37,539
66ddd369-0aca-11e7-82f6-3863bb44ef7c,37,3260
a0eec052-257a-4c79-8171-6e2ad9864ad0,9,4110
bbb48e80-7d2f-4b3c-bb8c-591bc931945a,13,4366
66dd546c-0aca-11e7-82f6-3863bb44ef7c,12,3179
78b4aa30-e4e9-4447-9419-c89f8527892e,40,4918
bfbd1f09-afd2-49d2-8674-3a07b3c929a4,9,3768
9c147c77-11da-4d0b-8a21-a8042ec8031b,20,5039
4dcff9e7-7cb6-4d3d-ad67-c2e4c05933d3,18,4745
1843486464469891376,15,1843486464469891376
66dc76cd-0aca-11e7-82f6-3863bb44ef7c,49,502
61647ec6-dfd6-4d1c-8800-d488d390c627,3,4298
15cb007b-bfca-4ad7-bfc6-44bf3d36785a,22,4496
e0b80983-c520-47e3-9c8d-a17fff5e5582,24,4099
66de2a00-0aca-11e7-82f6-3863bb44ef7c,45,3379
623c9658-5544-4254-847e-738763cf45a3,19,4765
66dea6e1-0aca-11e7-82f6-3863bb44ef7c,1,3457
66dd2811-0aca-11e7-82f6-3863bb44ef7c,17,3129
66dd4b91-0aca-11e7-82f6-3863bb44ef7c,18,3162
66db5fae-0aca-11e7-82f6-3863bb44ef7c,2,281
1815968026870435892,29,1815968026870435892
1e6c5d0c-f406-4b60-88f6-6284a38d3930,10,4183
d1138533-504c-4d29-b71c-299e1d31f159,39,4481
0b94cc1e-2327-4679-99d9-3b21ddc02051,34,4024
66de482a-0aca-11e7-82f6-3863bb44ef7c,20,3393
50e7c057-9c78-47d2-b66a-8a9180ce9734,15,3870
66db5c14-0aca-11e7-82f6-3863bb44ef7c,33,270
53e30d38-a110-42b4-a8f9-ca801a847ac7,7,4709
ca4795a2-6ab3-4597-bf59-f0155ac1637c,44,4701
1b985e4b-88de-42a8-95be-dce37dbbc5c5,14,4882
1828969515711812276,29,1828969515711812276
1786696384892428996,35,1786696384892428996
9b70cbe2-25fc-42f8-b6e6-ac21ef248e4b,17,5006
4d79bdb9-7c35-4d35-9f6e-3c1b849c453a,17,3538
55fda28d-56a8-4db2-b42a-072714f18471,20,5049
f15ccc6e-5a7c-46e7-b505-0bfc9cae3d83,26,3649
1828965671716082498,20,1828965671716082498
ccfa8b82-07a7-4a08-88fc-be261c30a4ca,10,3987
66dc4b4c-0aca-11e7-82f6-3863bb44ef7c,3,485
66db7152-0aca-11e7-82f6-3863bb44ef7c,45,308
66db8d89-0aca-11e7-82f6-3863bb44ef7c,50,327
1923987214021052830,29,1923987214021052830
66de4078-0aca-11e7-82f6-3863bb44ef7c,39,3384
d5d589e6-457f-4cd4-bf78-59165dce28b2,14,3778
b94d0241-bce7-44a9-ab1c-ece0740a4134,22,3564
66db64d1-0aca-11e7-82f6-3863bb44ef7c,22,291
66de65a4-0aca-11e7-82f6-3863bb44ef7c,19,3423
9092515e-eef6-478f-910f-1cd19d06bebb,22,3831
1834145330979754058,2,1834145330979754058
c3d5f47f-cfc3-4c1f-86bb-bcf770d2949b,25,3613
43f3d3c7-46b0-4812-879d-15afe8804c5f,30,3646
66db7637-0aca-11e7-82f6-3863bb44ef7c,12,316
724aeecc-8c91-4afc-b97c-72a98de452c9,12,4600
18846fd4-877c-4971-9b6f-1bd8fbc10346,15,4768
b608193c-46ae-4b61-9e7a-4671e7c3b96e,14,4204
66db7a71-0aca-11e7-82f6-3863bb44ef7c,35,321
e58234a3-5b23-427e-948f-c1e4571b2bfa,50,3714
787fe4b2-6029-4f71-917e-892479d8d64e,20,4823
548cb08c-4ec1-46d9-8978-1a8d3bf42454,16,3572
59e3766c-0629-4ff1-a1d9-bc0514a55487,19,3893
a58ff2e3-a5ae-4070-a26d-ddfe8cc6fc58,31,4788
1875672501601550456,8,1875672501601550456
1846085626867634660,16,1846085626867634660
66dcbe7c-0aca-11e7-82f6-3863bb44ef7c,8,3048
1848242216849312578,24,1848242216849312578
c066c90a-efb1-4f8b-aa15-38ba4edd4ebc,8,4926
66db4671-0aca-11e7-82f6-3863bb44ef7c,36,265
66dc2172-0aca-11e7-82f6-3863bb44ef7c,7,455
0e003543-3656-448f-8a93-029d265f2e26,31,3521
1932126716328112534,27,1932126716328112534
d3433b47-99a7-4b21-9fa7-d7052bb5c23b,8,4190
1861682444178541220,20,1861682444178541220
66de5773-0aca-11e7-82f6-3863bb44ef7c,18,3412
ebfafca3-5818-4e6f-8374-98f44a0ca0c6,29,4404
e780c290-0c52-4ab1-9719-a581be789df3,22,3989
9e5fd5b6-c5f2-4694-9406-a44b7d0146d9,22,4708
e2b28abd-07a4-4552-ad17-abf155aff28a,37,4778
1860188194745712748,3,1860188194745712748
1875433315773395778,9,1875433315773395778
901cab1a-a77e-424e-b602-16883e792f93,5,4954
b0cc08dc-e7dd-48d1-8901-ba496f3ff2f5,44,3697
158e7752-27e2-4912-be0b-eb15405aa096,9,4467
1836581807397045112,14,1836581807397045112
e3e6105e-eaa2-43c5-badb-fb8592ad7227,27,4284
66db74a5-0aca-11e7-82f6-3863bb44ef7c,45,313
d7d297fd-36dc-42f2-8e3b-24b1003be874,19,4325
40fd82d6-c0e9-4876-adfb-816140ecfc39,16,4357
cac843c2-8b21-47bb-a3b9-712f95d7f7aa,11,3853
1828967027013302842,2,1828967027013302842
d47c856e-8cda-4da0-b8eb-1ccf0e6ef7ab,20,3782
1846086138339179502,26,1846086138339179502
668ef22c-4665-4f42-bf6a-ab9e8a2899b1,28,3535
66dce567-0aca-11e7-82f6-3863bb44ef7c,20,3070
1057229c-f8f8-4014-80cd-f40421c61cf0,11,3885
6a9b19e3-cd69-4e0c-9b28-1889db936c7c,26,4286
44a80c48-c1a9-4ff1-92eb-6bf8be492f5e,26,5012
66dd1846-0aca-11e7-82f6-3863bb44ef7c,29,3101
95478d78-5e48-44e3-8f95-c63ee31451a9,34,4676
d34f2271-10ee-40c3-a93a-09df58860512,4,4848
96a0b676-e966-4d96-b04b-ceb8149cedcd,19,3948
0dc63044-e19c-474d-9df1-c3e504d03b07,32,5024
8ea09819-cd88-4732-b047-c0549f0b370f,26,3738
a8560d28-9ee1-4af4-9180-7e9c4dd0d147,1,4101
59ad8f95-32a4-43de-b1c3-79c667b2d2df,4,3745
1860188907884823208,9,1860188907884823208
625711ba-3b5d-46a7-a8f9-7f4eb17ec1be,23,3499
1828969323789472168,17,1828969323789472168
1835247196073118026,15,1835247196073118026
d6834194-029d-4e2d-83b0-ee78ab5acda2,16,4370
66db63f4-0aca-11e7-82f6-3863bb44ef7c,17,289
dc8223ad-4108-40a8-9ff5-35e8490b4077,39,3628
66dd0808-0aca-11e7-82f6-3863bb44ef7c,34,3095
66de08c9-0aca-11e7-82f6-3863bb44ef7c,22,3326
2b54cb2c-31be-4620-a13c-0fa72b58c90a,13,3582
e5b2a7ce-d867-465b-8446-743e00617068,20,4789
1828966104320053340,2,1828966104320053340
a33a2d11-33a5-46ad-a086-5698ac17b7b4,18,4442
66dbf4ac-0aca-11e7-82f6-3863bb44ef7c,53,411
8fa2fafb-fa07-48b2-b159-bffbea7176d4,10,5073
956e9f8d-d23a-4a0e-bf28-84180e818af7,23,5000
f3c68cfb-52fd-48c8-b6e5-85c179fee0b3,10,4752
66db2afe-0aca-11e7-82f6-3863bb44ef7c,50,128
66dc4599-0aca-11e7-82f6-3863bb44ef7c,16,481
062ffe5a-aa91-412d-8210-23d562c7e7f8,10,4819
66dcf0b3-0aca-11e7-82f6-3863bb44ef7c,33,3081
1840541082023453122,19,1840541082023453122
1846086665080867236,22,1846086665080867236
3eed817a-63e5-424b-8ed3-c809db5488f7,33,4975
1851999409149780880,22,1851999409149780880
66de48f9-0aca-11e7-82f6-3863bb44ef7c,18,3395
844c68cc-19f0-474a-86d3-4af170117aae,15,4614
74feba30-26a5-4949-b3a0-d6e13ba1a20c,22,3857
66db44e5-0aca-11e7-82f6-3863bb44ef7c,35,261
66db473c-0aca-11e7-82f6-3863bb44ef7c,47,267
1861271680294357158,24,1861271680294357158
cd118a8f-a7d1-4b7a-a6d3-d9e875cb29df,14,4857
96878d29-481d-48dc-bcdc-a5f1ce88c76d,23,4894
66de10a8-0aca-11e7-82f6-3863bb44ef7c,42,3338
eafa19ed-88c2-4efc-bd73-3961f85b6063,1,3708
dfad8e49-7e1b-4376-90b4-7a449319f294,24,4783
9a52fbc1-d87a-4a65-941d-12fd55dbcdde,8,3756
88e64257-298c-4b8d-8886-77b9b66dcec1,52,4235
a1acdab2-29c7-4956-8b2e-24b39dc2ff13,23,4981
bd1760ad-3af3-4ede-9bd7-c8fbf46d7192,37,4326
b516fedb-3ced-4683-8c17-7e5f6dadf04d,34,4480
61bc2467-aa8c-4386-ba9e-3f01120bd6b8,8,4069
66de2b97-0aca-11e7-82f6-3863bb44ef7c,47,3382
4281e975-6bc2-483f-9e4a-f7c09b67ed28,10,4747
66dd41ef-0aca-11e7-82f6-3863bb44ef7c,6,3139
0c106e83-c47a-4233-b5e4-62bbb75d0bed,5,4152
66dcc30b-0aca-11e7-82f6-3863bb44ef7c,29,3054
7603028c-8b04-4918-8a25-a087ce57aea4,10,3848
66dded7a-0aca-11e7-82f6-3863bb44ef7c,27,3313
1869439561831725810,14,1869439561831725810
a2f71eea-05a2-4fe7-99ab-f74535c880ae,23,3571
23bc4d9b-1ec2-45fb-9228-e41517346b24,10,4444
1851674145014649512,46,1851674145014649512
1880644160834607498,22,1880644160834607498
141eb0e0-e78d-411a-a0be-202a6424cc93,5,4222
dc34ba4c-d8e5-4674-a02e-210c950c05c1,2,4472
285ad3c2-3ffe-45bb-8765-9c20a69641a6,20,3811
5c3c345d-1975-400d-a9d8-18815816886e,5,5069
66dd2208-0aca-11e7-82f6-3863bb44ef7c,49,3118
66dc2bc5-0aca-11e7-82f6-3863bb44ef7c,45,468
bbaae5d3-7e2b-46a8-872e-152404c664f7,8,4270
1828969112306680612,17,1828969112306680612
55f6b830-e43e-4227-bfc7-683465236d94,19,4830
3d339282-d5c7-41ec-b634-6a988aefd440,25,4164
f4f9a09c-010c-430c-a766-3390c44b4962,8,4563
66dcc5ca-0aca-11e7-82f6-3863bb44ef7c,46,3058
3c6c0d12-80dd-4c49-b7c5-e3549588b8cf,13,4502
d9ea5210-50b3-4342-9801-f896bd21f4a1,11,4638
bc346753-b68a-4cb3-b93f-b0be68227eae,19,4327
1869851741257474316,7,1869851741257474316
9ea2afff-a146-4824-89b6-39d5bdfac795,14,4868
ce95fbdd-b7d2-46fc-910d-5c170e4b7610,18,4028
3c135a2e-eeea-4e81-9c0a-8d14a6049198,25,5038
35a5b4d6-2d90-4b60-b68b-03bb60fb1afc,23,4349
1815968147129520346,24,1815968147129520346
66dc8f1f-0aca-11e7-82f6-3863bb44ef7c,48,2003
1815967159287043052,30,1815967159287043052
66dea894-0aca-11e7-82f6-3863bb44ef7c,17,3461
5dc8ddac-979e-4ae5-b879-3670cca7482d,8,4074
66ddeffd-0aca-11e7-82f6-3863bb44ef7c,11,3319
2366d8a4-7a49-42f3-9afe-efd2b200336b,10,4674
1d167807-0aa8-413a-b7a0-01c2ca8a6a60,18,4967
66ddee56-0aca-11e7-82f6-3863bb44ef7c,32,3315
002e6e9f-ced2-47b0-bc7e-ccf38c3b4b0f,18,3968
2c321ea3-e1dd-4d32-be70-bd158fe1f568,94,4238
2743a950-3a1f-4a58-8fe0-f4105033e0e3,17,4263
4034789e-b70d-4aae-bf18-3ed37a4d751f,17,4276
62089e99-7f73-4f59-816d-57f9793484a1,5,5059
66dde8ac-0aca-11e7-82f6-3863bb44ef7c,35,3302
82dd89f6-1e5a-4a8f-8660-13cb64349e94,17,4163
66dc259a-0aca-11e7-82f6-3863bb44ef7c,58,461
66db2d2b-0aca-11e7-82f6-3863bb44ef7c,26,143
88ee054e-bdeb-4305-8f3b-76eb964f2c84,22,3903
66dea674-0aca-11e7-82f6-3863bb44ef7c,27,3456
9d95a4a9-bcfe-4189-bb7d-abd9992ecbaf,22,3592
f91170e6-a33c-4870-94da-9d51510515d2,1,4192
2f580cf9-14e2-4300-ba22-f6d88d0312a5,16,3803
2576805f-9732-4c74-8f1d-57715e8cdfa2,36,3864
26176e86-8362-4c91-a693-6aa3f9ce0b73,35,3673
063e7e78-b810-4a2f-8045-a82a0d69d752,19,4695
df243d7f-e6ae-435c-9895-aecbcff9cada,4,3977
0109f17a-2378-4500-9648-88bdb31ec612,17,5011
66dd1585-0aca-11e7-82f6-3863bb44ef7c,11,3096
1796642668661690940,8,1796642668661690940
66dc41bb-0aca-11e7-82f6-3863bb44ef7c,67,478
cb81edec-e79d-4cb2-b494-18aa18b27ad5,6,3808
1893542109140147108,29,1893542109140147108
ecc52c52-e2d9-4e73-8f9c-18ad8e9b0606,4,5026
1e83ffdc-8e72-45c0-8210-4f37e60505c9,10,3654
1885442082749874736,25,1885442082749874736
c2800791-1911-4f2b-8fc7-bed280c557c0,2,4875
5736cd70-be41-483e-8d82-721874f40e6e,13,4925
1885439359712500016,14,1885439359712500016
45865207-8700-4ef2-99ed-b08889ef0250,23,4309
1862008413697896912,7,1862008413697896912
648e09b6-95c2-40d3-9dac-a43f22eccf38,17,3934
e612122d-e0fd-4ebf-8d51-0f48f9d1b580,3,3760
66db88f5-0aca-11e7-82f6-3863bb44ef7c,9,323
4c3b6e25-b0c2-4a3f-b07e-cd60cd1b0ac0,10,4498
550153a5-2ea1-4c76-b1cd-77667005f55d,27,3532
94f77501-32e5-4539-90c6-82d4198f7991,7,4595
5780ae63-54e5-48e3-a00c-9c403cb75401,9,4410
1861683496445528180,15,1861683496445528180
66dc1beb-0aca-11e7-82f6-3863bb44ef7c,58,445
db29242d-6ff3-4e22-85fe-45fa3d03ec39,36,4790
7a725e59-49be-4c1d-9c3d-3b3a8ed1232f,12,4266
66dc1c5c-0aca-11e7-82f6-3863bb44ef7c,5,446
1b22c037-207d-454a-90aa-8f22d0a8a7e3,9,4011
66de8a86-0aca-11e7-82f6-3863bb44ef7c,2,3443
1848242058183072050,21,1848242058183072050
afc79a38-e26d-48f7-94e4-d0aca8fd1c49,10,4797
582cd775-0178-47f5-b707-6d5869f077ba,29,3917
b0239a13-649a-4d31-aa04-56b8aaeba4d4,10,4800
93c28953-7e65-436e-9c5a-9d7ca0e3729f,23,3749
1899178885660253096,17,1899178885660253096
d33261e6-600e-4756-ad03-a9facbd8ace1,26,4761
bb32aad7-8308-4ff8-b073-d5b518ffdd09,17,3623
fda0c217-9504-4b26-8a25-e40b603ee5fa,12,4088
1f872052-38c4-4701-96c4-c363de51c2b5,41,4236
66dc192f-0aca-11e7-82f6-3863bb44ef7c,39,443
b506be9e-45d3-43d1-a262-27d8fa91e974,12,3516
66dcfaf6-0aca-11e7-82f6-3863bb44ef7c,7,3088
be2bdee1-e3e9-45cc-94f0-2ba81a722ba3,21,4664
8d097a6d-f17c-4195-9dd4-42527b371c71,45,4044
cc834d78-6eca-450a-ae00-a5ffc6f1a7a6,11,4869
66dc2238-0aca-11e7-82f6-3863bb44ef7c,4,457
66dda55f-0aca-11e7-82f6-3863bb44ef7c,33,3236
fe93b3ae-1d86-4ee9-9eb6-9e11808966aa,26,3614
c0e0e578-8ce8-4c9d-be47-b902d8a41050,11,4211
344b52b0-73a9-4fe3-9132-23d0502dc0ae,27,4071
d8673258-9513-4ed2-86bf-bef62e7e4e30,14,3952
66dcc047-0aca-11e7-82f6-3863bb44ef7c,34,3052
1845676816555735590,22,1845676816555735590
79c4a612-a5df-4814-9e6b-6305da61ebc4,17,4086
66dc7cc3-0aca-11e7-82f6-3863bb44ef7c,52,513
b55f9b55-7fa7-4f0f-9732-78cbe07452e1,35,3510
1854538169357726138,17,1854538169357726138
d7632897-a6eb-4f8f-9ab2-c66426620fbf,13,3940
66dc252e-0aca-11e7-82f6-3863bb44ef7c,16,460
1838070776953752336,36,1838070776953752336
1860190006584693708,15,1860190006584693708
42032bf9-4599-4035-bc01-c80bec1a7122,18,3603
b62bcd96-c2db-447c-bdd5-d3c18f174858,9,5066
36b55a0f-e55d-4849-859a-09b3273fb782,27,4369
4bbf50a9-47c2-4a32-97c2-1f6bc4f9d401,10,4605
66dde914-0aca-11e7-82f6-3863bb44ef7c,45,3303
66db3273-0aca-11e7-82f6-3863bb44ef7c,21,161
1840540966407039246,42,1840540966407039246
1814900632709495794,16,1814900632709495794
66dd4b2b-0aca-11e7-82f6-3863bb44ef7c,9,3161
18fcd2c1-dc8b-4a52-9f18-e9b9003bbea5,28,3690
d3f51f51-7e51-4c75-8600-d76916608707,42,3501
c809158b-ca8f-4a77-a800-8ee9d287c056,22,4205
45e8c326-b12d-4be6-b040-bb6de9986d25,23,3845
1869439368558197224,9,1869439368558197224
ad17bd9a-735b-4a11-8ad3-dc7800e342af,13,4038
632b140c-65de-4f50-9cc2-c001ae011aea,7,3815
66de2556-0aca-11e7-82f6-3863bb44ef7c,30,3372
66dc21d4-0aca-11e7-82f6-3863bb44ef7c,2,456
1064b4b0-e9c8-4139-ac48-f118305dbe69,14,4002
66de099d-0aca-11e7-82f6-3863bb44ef7c,59,3328
1860189813948384088,45,1860189813948384088
66dbb869-0aca-11e7-82f6-3863bb44ef7c,12,344
66dbbc4a-0aca-11e7-82f6-3863bb44ef7c,24,346
db41cc62-86ea-4421-bfaf-9b6511cfee10,2,4607
dd351a72-4241-4275-843d-0fffa8a1f414,26,3579
66db402c-0aca-11e7-82f6-3863bb44ef7c,30,248
284b08f2-3d26-4f52-9463-25e4a07c16f7,24,3544
d9ec5589-c872-46f2-88cd-e54f9c596721,10,4585
a3e2b360-f050-48ea-b8c8-57d897b8f7fc,12,3883
2f656bc4-7743-4326-8330-a22bd41d9d17,42,4045
c46a2889-258b-4fc5-a452-1d4e7dfe683a,6,4138
66db69d0-0aca-11e7-82f6-3863bb44ef7c,19,298
38bb1218-0a9e-41d9-b2ef-25c8626dac29,7,4021
66de5095-0aca-11e7-82f6-3863bb44ef7c,13,3405
1786375069262703476,28,1786375069262703476
d7bdc3d7-6e6d-4899-9cc7-f4238a86c695,13,4260
66dde197-0aca-11e7-82f6-3863bb44ef7c,17,3285
fd081854-3f37-420a-9785-ea63c09c12ad,19,3827
ad41e353-033e-484f-8d76-78014e11e9d7,14,3892
66db34fc-0aca-11e7-82f6-3863bb44ef7c,40,174
66de5e5b-0aca-11e7-82f6-3863bb44ef7c,3,3418
e34bb92f-6911-449a-999b-5bc80e0322fe,23,4893
1786697003367719132,23,1786697003367719132
6076e321-85d8-4e0e-ae18-86bb8cbbda1b,15,4492
c0c6a931-c1d3-4202-a433-c4127a4cd846,7,4203
1815967313905864892,23,1815967313905864892
18d980e5-ba08-4bc3-832e-03eb71865768,24,4678
4cd5a87d-7618-4a15-892d-8cf29eec865c,20,4827
de0c1800-f7cc-41b4-ab7a-c9d219180d06,7,4120
8f9ce302-2a6d-443c-8fe0-625b20021ea2,2,4951
7efcb97f-6c8f-4445-86a9-3f758a822f17,7,3539
1862787990429630662,10,1862787990429630662
062f0ac2-b3b6-4c15-b470-92ce9b592635,8,3982
facb0195-8daa-46e3-95e1-6f22fb678e8a,7,4177
66de1b5b-0aca-11e7-82f6-3863bb44ef7c,25,3358
581d8683-c217-4f96-89cb-b5a94d780b83,1,3809
66dd4051-0aca-11e7-82f6-3863bb44ef7c,2,3136
3bdd81c8-3112-45e6-ae72-11a3f4fa5921,30,4916
c0b541ae-9e66-4739-babb-483180747dc2,16,4767
66de1295-0aca-11e7-82f6-3863bb44ef7c,25,3342
66dc36c3-0aca-11e7-82f6-3863bb44ef7c,25,470
aba6e644-3ac8-4cdc-9bc6-763e9d82dee9,14,5027
aa120a3a-9f2b-4dfc-a88b-384bbb66838a,20,4435
9459fca8-b044-4ed1-8f2c-c5db11ba868f,21,4568
b3c8aaaf-6e1c-4f56-9391-b79e883b8009,27,4644
66dc8c90-0aca-11e7-82f6-3863bb44ef7c,29,545
c05cd2e2-74e8-4526-a62b-d631e005fdd8,38,3502
66db32fb-0aca-11e7-82f6-3863bb44ef7c,7,164
db02e1ea-acc1-4f45-8e3c-d37468b0b5a6,15,3861
66dc1545-0aca-11e7-82f6-3863bb44ef7c,25,436
4753c1ba-a86e-431e-94fb-06403cdee4d7,29,3611
18267c09-1916-48d8-951c-caf88c89edd1,8,4159
1861680103893703034,14,1861680103893703034
1835246815877178358,26,1835246815877178358
66dc0c53-0aca-11e7-82f6-3863bb44ef7c,21,419
6853d09a-cbd8-4378-bc23-02e8bba0b4da,5,4571
531e6d94-5f4c-4ef0-9c83-47191be9d8f9,20,4139
30a75e12-5327-48f0-8155-3925aa934054,11,4375
30985a9c-afe4-4b98-a72c-2c72bb35603e,22,3910
1882735162923150168,27,1882735162923150168
60a061d5-d984-4573-af3c-2054f4f59e94,18,4273
72196024-6f2b-45cb-9764-609911c7dc0b,28,4683
d07790cd-1acd-4f74-b5f1-3d70f8a8a526,27,4782
1597ea95-0b6b-425a-8d13-ed86ee0754b5,26,4889
add829db-2feb-4e81-af61-056791a6e53b,19,3580
ad037fe2-4a28-4b55-863c-229aada0b43a,19,4368
2b848257-dc2e-4dd0-b840-d5e046972789,18,4670
1817627670084542818,29,1817627670084542818
66dbce8a-0aca-11e7-82f6-3863bb44ef7c,43,368
9e99abca-c679-4788-9a4e-39066660bd6a,31,3530
b90574d1-e9e7-45be-8adb-e38cb285fea5,19,3590
1835250318514342456,31,1835250318514342456
66dca6f4-0aca-11e7-82f6-3863bb44ef7c,16,2022
c0df5c09-2c07-4689-9fe8-36ed81301d7d,17,4453
96a4da57-107a-43d1-8828-4749d5555461,4,4657
66de1f17-0aca-11e7-82f6-3863bb44ef7c,16,3362
b200a8bf-2d79-4511-9a16-ac41e7245622,22,4418
66dea4bf-0aca-11e7-82f6-3863bb44ef7c,47,3452
1838070703178521596,29,1838070703178521596
9341ee1c-d456-4858-a451-70cbbd73d084,5,3871
2af3ecc3-4f43-468a-a7cc-bb4804ee3e7a,12,4999
66ddbc89-0aca-11e7-82f6-3863bb44ef7c,24,3254
1846449740982645546,21,1846449740982645546
66dbef85-0aca-11e7-82f6-3863bb44ef7c,66,399
2c2cdc55-52a3-4140-b4d3-8409a98f130f,20,3821
cdb6e2aa-4da3-4ed7-9b13-ce626addf6b0,17,4233
308e055a-b8aa-447d-8803-8677c88af0ba,14,5045
ab5585c8-c2cf-4bab-96cf-d02eced4f6e3,44,3689
66db8c10-0aca-11e7-82f6-3863bb44ef7c,10,325
9bd28b11-cf11-4938-abb2-dfa5ec800e32,30,3589
ff2869f0-4381-4cf3-863e-a0d776ec53b4,13,4248
66dc0d3a-0aca-11e7-82f6-3863bb44ef7c,22,421
84b30f68-5404-453a-ae86-a2baff03a2c9,4,4566
b6a4770e-9077-4a0e-a0fb-b45b1d457559,36,3705
49d2cd03-f508-483f-a7c9-7fd450e5e6db,5,3559
e15a5c77-70b0-4b9d-9eae-f10ddda7d994,36,4582
faf021ad-9de5-44bd-b7f5-48127e8d5fea,14,3816
66dcf394-0aca-11e7-82f6-3863bb44ef7c,33,3083
96cf4c1a-db2c-4d4b-af34-c31281b5904b,13,4991
1834145064843958330,12,1834145064843958330
b1f3eb8c-07f9-479f-a8ab-f04e094bc7d0,6,4932
1786698158713921798,46,1786698158713921798
1828969851041055492,25,1828969851041055492
66db30e0-0aca-11e7-82f6-3863bb44ef7c,2,153
10c13fe2-34cb-4aff-bea1-4f5ce877769b,12,3930
40042fb4-6ddd-4f74-bb52-5af3e4e08c8d,16,4666
fbee1143-e93f-418d-b6bc-8fde4a9a8746,55,4696
1954778813955578360,24,1954778813955578360
8cb0375d-bcb2-4c90-9773-41c3c8fdf8d8,104,4338
8dc8c0b3-4d70-40fe-a75a-86e30ecb676b,32,4364
66db3aa3-0aca-11e7-82f6-3863bb44ef7c,34,232
bfea6c5b-2e1a-42c5-8199-2ded6042d57b,25,3531
66dbe4db-0aca-11e7-82f6-3863bb44ef7c,8,379
c2291f8e-3b07-4671-82af-2b947825de4a,42,4677
311269f4-53dc-4f83-b26b-ecb6e8e160ed,34,4962
66de5d57-0aca-11e7-82f6-3863bb44ef7c,2,3416
29b21bd8-2459-4727-b1f0-d73592db3321,31,3823
5bf34f6d-9a0d-4a46-9f8b-33164d676923,14,4121
1828969417249358046,37,1828969417249358046
66dde079-0aca-11e7-82f6-3863bb44ef7c,41,3283
1882736039096477712,19,1882736039096477712
66de5a47-0aca-11e7-82f6-3863bb44ef7c,20,3414
6661108f-28eb-4671-ad0c-36a311d325aa,10,4652
0183d7d4-9e11-4429-94db-666a31239871,25,4015
c1c33a35-751f-4dd6-baef-82db46f7ab46,8,3790
8603535e-0d7a-4c5b-ae77-27b9f5770bfa,3,4843
8fc95e31-b025-4d2b-b5aa-240465366480,4,3932
6bc5598a-9eb8-44d2-adc0-d93b93af1924,22,4473
1828968611856235508,16,1828968611856235508
38975061-0d90-43a3-87c1-8905b374d5d9,16,3996
66dc28bd-0aca-11e7-82f6-3863bb44ef7c,4,464
95a52ce4-3597-47d1-8d6f-427cb3b8ca6a,41,4055
66db6aae-0aca-11e7-82f6-3863bb44ef7c,47,301
66db6387-0aca-11e7-82f6-3863bb44ef7c,4,285
66de1580-0aca-11e7-82f6-3863bb44ef7c,39,3349
876683ce-9bce-4fad-8d1c-6b331fa07b5c,22,4728
43eac213-4603-4bc2-b6d6-b45013396282,33,3674
1286480d-5d6d-4a47-9fac-e156dba2b6fc,13,4754
7e7d974c-a6ec-4d9a-b4ed-01a4d2056d8b,15,4799
66db95e5-0aca-11e7-82f6-3863bb44ef7c,6,334
6a671276-d345-4a4c-a7df-98f5dbb19e4c,9,4257
66de4f30-0aca-11e7-82f6-3863bb44ef7c,25,3402
56e18295-f760-4bf3-8aa3-5a1e4ebf606f,21,3764
cb04be8e-8edc-4c9d-bfc0-76f94e3a3d9b,11,5003
bca594e5-779f-4866-bd6b-818871f97d38,31,4514
1914337145288845316,20,1914337145288845316
16cbe771-8fca-4437-b9d2-374e00da6c3a,16,4811
1884599469785421928,47,1884599469785421928
99d149f9-ad40-461e-beea-fcbf086f9b5a,62,3718
403c310e-26d5-4db5-9928-13c38b25053d,13,4362
66dcbefb-0aca-11e7-82f6-3863bb44ef7c,35,3049
66dbf73d-0aca-11e7-82f6-3863bb44ef7c,12,417
1860189426558126796,10,1860189426558126796
66dde559-0aca-11e7-82f6-3863bb44ef7c,52,3294
66dd4841-0aca-11e7-82f6-3863bb44ef7c,10,3154
8ce7325e-d5c7-46f9-9b73-95356e48c3eb,15,4134
943be327-0320-4ae1-8eb0-8a56f86a4fb6,13,4220
1862788101231526152,44,1862788101231526152
dfe2c398-ff5c-4a8d-83c8-fa18801540d8,9,4194
66db29e6-0aca-11e7-82f6-3863bb44ef7c,26,120
66de20c8-0aca-11e7-82f6-3863bb44ef7c,11,3366
36ddce8f-bd83-4a05-b601-b526fb4d8628,15,4972
78e93937-53d1-4c9b-99ad-0460f908ed2d,23,3728
0e82ab9f-8c93-4302-b9df-342f8135a05c,14,4446
1828967717120678322,11,1828967717120678322
5b0b689f-9bd2-4743-b4cc-d4629a9a709b,19,4392
66dded11-0aca-11e7-82f6-3863bb44ef7c,48,3312
c7be2714-14db-421f-a19e-f6a7bf6e8d26,14,4256
8df41833-c7bf-4171-bdab-58d64f6ade54,22,4365
cbcbd880-9662-4ab1-b530-781bb101ed1f,6,4559
1835247352748090208,17,1835247352748090208
7d455e9a-20b4-4b03-8248-0d982fdfa21b,4,4647
3bf91ca1-14fd-4e51-858e-36a203f1af2a,1,4855
66de2131-0aca-11e7-82f6-3863bb44ef7c,30,3367
2e74ea1d-02a0-47bf-9665-dce2d65de8d7,13,4741
c04cef84-3fcd-4fd9-9e40-8e07453dbe19,15,4512
66db6e49-0aca-11e7-82f6-3863bb44ef7c,2,305
e7739b9e-7cc6-4cbb-98d3-669b8e2ae98b,18,4802
98af0e1d-ea33-4c6e-95fe-97846e81081e,27,4294
66dbc8f5-0aca-11e7-82f6-3863bb44ef7c,82,358
50e05a9f-dce6-4315-a10d-1fa786fc18ee,43,4122
66de2625-0aca-11e7-82f6-3863bb44ef7c,31,3374
1786696251091417274,42,1786696251091417274
20f3a578-4dfa-45ca-a917-b394d77ee08e,4,3781
1835249854657874848,24,1835249854657874848
a4368364-fa79-493c-8478-1d3471a6077f,13,4406
19002a4c-3229-450b-ad69-76948696e60d,5,4149
05b9e7cd-f3a2-4d48-b7c4-f5fbe09d9de3,27,4269
7a701539-2c10-4abe-803f-525785ebb7fb,12,4920
1913995167022829826,22,1913995167022829826
66dd25e0-0aca-11e7-82f6-3863bb44ef7c,11,3125
1836581628905160976,1,1836581628905160976
4dde902d-512c-4e9e-8899-a68424ed87c0,40,4397
bdefa3e3-aa5a-40eb-b7f8-542de55063e9,22,4777
1877651952425321214,16,1877651952425321214
1869754328201607270,13,1869754328201607270
a381b37a-a928-4834-87ee-da9922cb3b3d,18,4312
66db3d2a-0aca-11e7-82f6-3863bb44ef7c,42,239
f6c33f22-d650-4935-a928-fb693a828b5f,13,4027
16e17ca1-b2dc-47d0-8c8b-199cb4736fe7,9,4628
412c1416-d15b-4e6a-9691-da4c3cc0d0d2,28,4300
2a9e2320-083d-4044-aedf-0c15ecfefe61,25,3869
66de1448-0aca-11e7-82f6-3863bb44ef7c,19,3346
66dcc65c-0aca-11e7-82f6-3863bb44ef7c,30,3059
01a1343d-9c7b-4a83-8a5a-a600187f19c4,13,4007
66dbe250-0aca-11e7-82f6-3863bb44ef7c,21,373
0f9423bd-98dd-4919-b6e3-28880ff7ecca,3,4817
3c21925c-d68e-497c-b501-982d3eb3e852,20,4463
1817432606668538118,26,1817432606668538118
1820420129807491554,19,1820420129807491554
acfeadeb-73bb-4ec3-b809-78675b01af74,23,5015
cd4b8e12-b2c7-479b-900d-59cf7d8c4276,9,3852
77a498ea-5693-46cc-a4b1-6e428f574797,5,4186
05969d95-8a64-4007-abf1-afb847f2d426,14,4140
067d5007-bda5-4697-b0a2-ccc2837f295c,12,4310
7dcc5a03-5997-4250-9207-fa8b6f027c86,1,3867
aa8fc8b7-b66c-41d9-9885-30b8af599378,34,4705
9789dc0f-1eb6-4830-bda9-1ce5f1413e19,12,4394
0096fecb-3a56-4585-9204-aa9554f7bc49,31,4704
74a1dc19-f894-4246-99f1-476a92452995,17,3587
d56a8542-048a-4aca-ac7f-f27a9e6c908b,28,3619
e6a32ec8-fc8b-4ed6-93a2-3ace3921b89d,19,4268
66de871c-0aca-11e7-82f6-3863bb44ef7c,25,3437
d873e463-2dc9-4bf8-86c7-fea8ddaa3a9f,9,4172
557f8d40-dec1-4c61-bd03-a0d1a6ea0e4b,31,4376
1848241332086049696,4,1848241332086049696
b5010362-af16-4357-8fb7-5958576954c0,42,4359
454b4a83-d0b1-42a2-8163-261e2a9d6ab9,38,3707
160e21da-6dd2-47ff-8385-e13c8cdce4fa,14,4386
eb6c2359-4825-4bf4-8f2d-8b6dd2bf4212,27,4700
66db8fde-0aca-11e7-82f6-3863bb44ef7c,20,328
66de06ef-0aca-11e7-82f6-3863bb44ef7c,26,3322
d319629d-63cf-4765-9f69-5569f35d6469,18,4861
66dc209c-0aca-11e7-82f6-3863bb44ef7c,54,453
c83e1ef5-776e-417e-8ee2-d08ca121f884,29,3581
66de4408-0aca-11e7-82f6-3863bb44ef7c,29,3388
88bf1344-354f-4699-bdbd-1c2584fc41ee,35,4036
833bc8bc-3c32-4481-9c14-9a88aa7accec,2,3635
ab79da3d-f92a-42de-a76d-e05b5d7e724c,9,4035
66dc51e9-0aca-11e7-82f6-3863bb44ef7c,30,489
39112ced-337f-4b71-9df6-291cd4265cc9,26,5042
b636a06c-c10e-417a-ac22-14cadb8f8993,11,4872
66db3cab-0aca-11e7-82f6-3863bb44ef7c,15,238
66dbf667-0aca-11e7-82f6-3863bb44ef7c,56,415
1786698815186893280,48,1786698815186893280
e35494b4-5811-4d2a-87de-4430e56bce2d,14,4873
66de4c32-0aca-11e7-82f6-3863bb44ef7c,14,3399
5f0aa684-a1c5-4119-827f-7860f1cd4ccd,30,3838
1860187692409078310,16,1860187692409078310
1843486301383097150,5,1843486301383097150
1ddadf67-ae08-4e86-bdda-236629b9eabd,37,4922
6fd84197-56e2-47df-849f-701aca0e7cc3,22,4207
08b9c491-a589-4e75-996c-2455c26fb356,35,4066
b1f67e5c-7c26-4bf3-a90e-1500a3160d60,6,3843
c38e2cfc-04e6-419c-8bf8-d8713ccf6ea7,47,4625
1879859065051787718,10,1879859065051787718
46a1ff6c-6131-414a-9ef6-65a8db7d305f,16,4421
9790606b-a00d-4d5e-b6ec-abd11c9d25b3,5,4230
66dc91b5-0aca-11e7-82f6-3863bb44ef7c,22,2010
66ddb41c-0aca-11e7-82f6-3863bb44ef7c,15,3238
0579ff13-5d5b-4cbd-bc6e-3e9396591aef,5,4965
72796825-88b1-43a0-bb6d-2b41d337b1fc,39,3618
bf5a9ad8-6725-4ade-967d-aba612d423bf,11,4984
1e590819-53fd-415c-bc28-aed605ad3bcb,10,4762
66db9845-0aca-11e7-82f6-3863bb44ef7c,16,336
66ddb7bf-0aca-11e7-82f6-3863bb44ef7c,20,3246
89171660-8cef-443f-8f75-67503532d1ce,10,4198
1817433126359581672,27,1817433126359581672
1861682960046954694,29,1861682960046954694
66dc86d9-0aca-11e7-82f6-3863bb44ef7c,29,531
1931758629658304788,23,1931758629658304788
1794096976946852066,14,1794096976946852066
66db2953-0aca-11e7-82f6-3863bb44ef7c,55,119
97bcf094-ad77-4743-9c94-832c7300c090,12,3988
66de07ec-0aca-11e7-82f6-3863bb44ef7c,24,3324
66ddeca9-0aca-11e7-82f6-3863bb44ef7c,25,3311
66dbea8d-0aca-11e7-82f6-3863bb44ef7c,18,390
66dd2556-0aca-11e7-82f6-3863bb44ef7c,39,3124
0f51cb84-e386-44ac-947f-a969f7617d17,32,4746
490ca6cc-c2a2-4838-acf0-4704ed60dc51,27,4977
22ac9559-d7f1-4dcd-ae3e-f6caf586a455,26,4255
09a0c507-7cda-4f3f-9988-78de0baa28e4,7,4090
c5861c24-5ac1-41df-82f1-31748d03e868,4,4713
1875413335585534272,13,1875413335585534272
9e3603ee-2b7d-4147-a7b5-48bbd778902c,38,4339
1846085256331594490,3,1846085256331594490
1828968199249922252,20,1828968199249922252
2c366f4b-8319-41bf-ab8e-2fba3a952feb,4,3785
66dcbdc2-0aca-11e7-82f6-3863bb44ef7c,32,3047
66de27da-0aca-11e7-82f6-3863bb44ef7c,10,3378
66dd1ad8-0aca-11e7-82f6-3863bb44ef7c,35,3105
1869754004195029842,12,1869754004195029842
66dc4bd9-0aca-11e7-82f6-3863bb44ef7c,4,486
66dde9af-0aca-11e7-82f6-3863bb44ef7c,26,3304
a04bf523-3c76-4fad-88bf-e99037f9b796,26,3525
d5ca6311-7471-480f-9c79-38baaafe34ba,17,3837
35915f48-31c5-499a-b845-2ca2fb541904,36,4503
1846086768160082632,28,1846086768160082632
1857217122161783302,28,1857217122161783302
27c71510-d515-4add-b660-6efd6f225cd1,32,4685
e51c8b72-460f-41c2-a5ca-de85d3f46a30,3,3735
1c82b223-42ba-4d15-8e8a-bd8ae2a57cde,23,4414
91ca68bd-5ac1-470b-a26d-1ec98ea9cca4,9,3575
09b00240-4c2a-4900-9d09-f13344461c02,9,4759
66db4158-0aca-11e7-82f6-3863bb44ef7c,1,251
dcdaa64b-4d2c-4017-bfb9-da25924f851d,23,4288
1838617691511229014,14,1838617691511229014
1d8e51b0-8131-4c1f-93fb-f04952c157c0,2,3967
a35d03cf-bd72-4da4-a4ac-bd25b3f8dce3,31,3755
6fcad2af-c3e2-47a4-8942-023ae4047e67,13,4293
1814900353536621062,36,1814900353536621062
1851955603137491568,21,1851955603137491568
138094a0-cd7d-4014-9b21-4fb2afd3980e,26,3520
058ee86d-ce2a-4597-99f7-f78f082b33e3,2,4048
ab692d1f-5a4a-4fff-b929-013c3a7e8a98,32,4791
fdf21800-6106-4739-b7d5-b379b19e5732,5,4913
21361381-fd4a-44a4-bfa7-61f075192ce9,17,3761
d5788cfa-817e-4b65-b43f-edda222a3c3c,25,3573
2a47ef14-1cbe-4ec6-841d-cc277627fe20,46,3637
66de56e5-0aca-11e7-82f6-3863bb44ef7c,21,3411
904930bd-2671-4695-9c1a-8a894b041129,13,4232
de449a58-0edf-4d36-91b4-4b313576e945,7,3947
016ee47a-4871-4209-91cb-bf3ceeddc991,18,5007
ecb2eebe-67c0-43b8-baae-71abb1a0ec6a,8,3998
1817432787057164808,25,1817432787057164808
cd5e7c3e-c618-416a-ae99-b509bd56e1b2,11,4264
348c5e65-cbc3-4da6-9856-fc253a0ba546,39,4336
aa8270ec-4441-47d2-854b-5852e65fae66,2,4612
e71d152c-c2df-4d3e-a9af-139f2529bac6,6,3965
9dde927d-9984-4f97-bcd0-fbcb59e6ca66,13,4864
c01a9c97-6c04-4e3f-ad0b-958801d94ca1,22,4477
1900647078394106472,14,1900647078394106472
9157a3bc-43fa-4221-8bb8-17273fc09540,10,4295
a11a0000-19cf-4053-b3a1-3a5886d7446c,9,4658
30d6520e-b612-4240-a9ff-eec12b02b263,35,4468
1b28836b-29fd-47a7-9a98-44cd792918fb,22,3715
b3a9057e-7ff6-4117-b96e-e71c173cf1e9,11,3964
66dcf897-0aca-11e7-82f6-3863bb44ef7c,12,3086
66dde2d9-0aca-11e7-82f6-3863bb44ef7c,54,3288
5cb3a92d-f284-477c-bf63-ea72d24e8a7d,17,4630
42bf7170-61ab-44a0-aafe-1b89d7271718,3,4428
eef98eb6-f550-49f9-a910-4d2863e6a591,10,4623
672d71ab-2c23-4bd2-9ed2-34e54aa4b5b5,11,4575
bf093f72-1d8d-44ae-91b5-e36958a27976,24,4858
66dc3a1a-0aca-11e7-82f6-3863bb44ef7c,8,472
1929513834381415014,11,1929513834381415014
1828968994833044184,17,1828968994833044184
66dd8bd9-0aca-11e7-82f6-3863bb44ef7c,14,3221
344064f8-e82f-40fb-b235-aff506b77ae5,50,3900
1945125793810207148,35,1945125793810207148
1828966882896859944,12,1828966882896859944
01f01352-50d4-484e-a611-576b18ac373a,15,4431
66dccd65-0aca-11e7-82f6-3863bb44ef7c,6,3067
66f68197-4897-4576-896a-48e0312104c5,42,3569
74e104fb-1ddc-4f3e-a60b-220b6c4f300b,6,3873
66ddb595-0aca-11e7-82f6-3863bb44ef7c,21,3241
05c5e17c-7aa9-49b7-9da3-9db4858ec1fc,7,4219
78ec2f0d-c309-46d4-8808-7eb1a0674e38,28,4078
66db3f01-0aca-11e7-82f6-3863bb44ef7c,50,244
1860187301567054286,27,1860187301567054286
66dce2a4-0aca-11e7-82f6-3863bb44ef7c,43,3068
1828968691399885056,16,1828968691399885056
a6287af0-9a9e-4708-b61f-8e758be4b914,19,3605
6db97fde-68ae-4d2b-b121-b7c17838bbe7,12,4511
dba67615-a7e0-4c44-ab1b-b464033ec9b9,29,3859
66dbc6ae-0aca-11e7-82f6-3863bb44ef7c,48,354
3134bce7-0bb9-4a45-9c87-60a8cb681d72,21,3863
079b5a90-1d2b-40b2-b1e9-71c075f16b89,27,4906
1d977221-b2b5-4fa2-bba0-b00136834fb3,19,4199
61be9a4a-737c-413a-9b72-d47b28a366d5,16,4262
1ec7ef9f-ab60-4a64-821d-883ba547273a,23,3920
1835249964093653018,25,1835249964093653018
66dd40dd-0aca-11e7-82f6-3863bb44ef7c,10,3137
66db6cd4-0aca-11e7-82f6-3863bb44ef7c,68,302
6f484a9d-c535-451e-a18f-f3afdc0a27af,26,3489
4e1a13af-1c3b-48f2-8586-5edceea97d61,19,4251
17c45d34-0d8d-46ba-9078-e9a2a7c5867c,4,4096
4780d9d1-b886-4e72-9d18-cb152f73e10a,27,3997
66dcbb2c-0aca-11e7-82f6-3863bb44ef7c,18,3044
533f25a0-514f-456f-9d87-5fdcb4ee42f4,2,4844
026fd07d-d810-45dc-9237-a3d84dce4fa9,3,4957
66db3a1e-0aca-11e7-82f6-3863bb44ef7c,15,229
24f431ca-c2a5-46be-966b-b8d4c3e4b346,11,3875
720c0d64-7828-4dba-bff9-4d99f4e3a9fc,34,3832
66dbf442-0aca-11e7-82f6-3863bb44ef7c,54,410
bd318c15-5c3d-4e72-9837-3b4bd37707e0,3,4816
1431ec5c-242d-401b-b672-dbf95155999b,8,4494
8c700e85-cfdb-4eef-ba49-53bd69c004ed,19,3777
66dd42eb-0aca-11e7-82f6-3863bb44ef7c,13,3141
5d049d4b-0736-4323-834a-1b2454bd6551,26,4803
66dd52c8-0aca-11e7-82f6-3863bb44ef7c,10,3175
d55dd622-0ced-4e4d-9ea5-2ef2cb6481a9,37,4694
968d40e0-2a5b-4f6c-a161-fad1631b609b,9,5055
16280b32-7e5b-4a18-930b-212eac10faaa,10,4104
66dcec6b-0aca-11e7-82f6-3863bb44ef7c,52,3076
17aeb1e3-fd18-4cf9-9473-17dfa5b0a312,16,3585
ed1199e4-d9a6-4d9e-8c81-62bcd7510a11,11,4853
1836581714456697424,5,1836581714456697424
4223f276-a4d4-45e0-b914-67f5ef1e81ba,5,4254
66de1af4-0aca-11e7-82f6-3863bb44ef7c,42,3357
897e8739-ee1d-4b2e-b151-ad7e64e87697,34,3509
b94cc90e-9ca2-4471-8371-23be051e0157,4,3724
66dd49eb-0aca-11e7-82f6-3863bb44ef7c,1,3158
65e7908a-a73e-4f8e-9967-0d0677f62bc4,21,4978
6067af3d-f7ed-4149-a394-2fc2eb295872,32,4690
1823008749757202820,23,1823008749757202820
ab40ffde-f331-4194-adab-cb8c60b63f28,6,4555
66dd9213-0aca-11e7-82f6-3863bb44ef7c,18,3226
26568d39-db49-4354-a5c1-c81a3c856285,5,3923
59f0cb81-e31b-4ba9-9159-3437c52f7505,8,5025
1906248765431831024,35,1906248765431831024
5adcaaaf-5386-441d-827c-8d65c4f4405e,8,4057
9f702c67-b591-4492-ba90-eb3c7e793dad,6,4510
66dc7b10-0aca-11e7-82f6-3863bb44ef7c,4,510
66dd4de9-0aca-11e7-82f6-3863bb44ef7c,33,3167
b9970fb5-176c-4a66-8772-6d76c4b6245a,24,4185
c702c094-b08f-449d-a41d-b3724f147491,19,4914
1861681435029604706,24,1861681435029604706
c9c09ed0-0a52-4d6a-a999-b0848874e51f,6,4068
66dd470b-0aca-11e7-82f6-3863bb44ef7c,57,3151
cae4f2f4-9642-474c-95cc-6cc07592f120,45,3721
1843486757863039016,31,1843486757863039016
d473f31f-68f2-4777-a364-ed127db04345,2,3826
9e9acfaf-0bbf-4bc2-a825-b2befb6bee55,28,4301
653ba606-f397-41e6-adc4-f775bf2d0c9f,6,4919
66de6100-0aca-11e7-82f6-3863bb44ef7c,14,3420
66dd1b65-0aca-11e7-82f6-3863bb44ef7c,72,3106
1823008917260927616,25,1823008917260927616
a1cf7115-8e38-4300-aac8-3a2fddca0e23,37,4483
8a24490d-d5c5-4bac-9e36-56967834fc10,10,4490
1e226f22-034f-4b99-8184-a8eaa591fbd8,10,4240
66de47bf-0aca-11e7-82f6-3863bb44ef7c,19,3392
66dc73b0-0aca-11e7-82f6-3863bb44ef7c,54,495
febf420f-bbec-4044-a3af-69959e018ccb,13,4837
daaa3ac1-594c-48d2-9431-a8ced305ed5a,10,4818
66dba0ba-0aca-11e7-82f6-3863bb44ef7c,47,342
66dc7957-0aca-11e7-82f6-3863bb44ef7c,28,507
66db4351-0aca-11e7-82f6-3863bb44ef7c,13,257
c1144380-c1ac-4315-9b1a-4b4e870ac688,20,4896
9505c2b7-0c3a-4791-8471-d2092a86291f,11,3804
66db316a-0aca-11e7-82f6-3863bb44ef7c,12,157
66dcca76-0aca-11e7-82f6-3863bb44ef7c,40,3063
88c1303b-3349-4591-bf08-c7e40cf3537a,15,5053
1822663143025657920,31,1822663143025657920
b976906e-81c4-44c5-a160-e17815c0d47b,35,3500
3a51a25f-3e9b-4aea-84ee-39e9a3acc7fd,16,5029
272c0389-5e4a-41a9-ad6c-2dccdfa55af9,8,3877
f6143531-4a16-4aac-9b55-573ef7ef162e,8,3568
4bc6f4d0-edd5-4eb0-a704-f7ce0d693aac,3,4556
66dc0f1b-0aca-11e7-82f6-3863bb44ef7c,68,427
bda1fab4-5065-42df-a8ff-514e6064ab6e,18,5044
66db90f1-0aca-11e7-82f6-3863bb44ef7c,11,330
b1cdec34-d4f9-4313-be82-729bb9f7bb18,5,4901
f365afa3-e8a5-439d-975d-6c2b064f30df,1,4501
3b530cff-dd26-4cfd-b570-a85fd53354fe,9,3906
66dbcb2f-0aca-11e7-82f6-3863bb44ef7c,19,362
7af717b9-99ce-4cce-94b4-b445a40537a1,18,3774
067b53bd-33bf-4698-8103-3931a5f32a37,15,4770
66dca5f3-0aca-11e7-82f6-3863bb44ef7c,10,2017
74f913d2-6eac-49ce-bd6d-53a06fa855a6,21,4924
13b82a41-c25b-428f-a07b-5f5d8340c6f2,30,4513
89d4a926-f1ae-4bf2-bf2d-59cff3881579,44,4710
0e405c35-322f-4705-8ea7-769eb3fd028a,17,3966
e36b5913-8e46-4c2a-b9be-73bdf8ee548b,40,3725
b9b58379-b29a-4fa8-ba72-c647728e1686,22,4863
b471c112-1770-4dfe-9e13-fe7479dcb5a5,8,4148
66dbecd0-0aca-11e7-82f6-3863bb44ef7c,60,394
1849009794224623642,19,1849009794224623642
566935d6-4d66-4b42-9822-f2a816e357b9,28,3495
a82599ce-99ca-4670-8053-baada198034a,20,4426
66dbf6d2-0aca-11e7-82f6-3863bb44ef7c,24,416
66dde271-0aca-11e7-82f6-3863bb44ef7c,63,3287
1861681740276243358,21,1861681740276243358
b43ecf62-4c9d-4b06-ac9a-5837084f769f,36,4430
1ecc9936-ee0c-44b2-baa8-237564c8e4fd,33,4594
1861682182353914188,29,1861682182353914188
66dbf362-0aca-11e7-82f6-3863bb44ef7c,50,408
c6c10756-ef41-491a-8e6c-ee0aa27b8cbe,2,4050
0df3a035-5a38-4ec2-826a-0a5376e8d8a0,18,4438
8b830188-101e-44bf-a755-5e6c611e3edc,33,5062
66ddbdb1-0aca-11e7-82f6-3863bb44ef7c,4,3256
7b56cbab-9d93-4043-bfa5-63eb6b3e5281,3,4846
dee5a590-7cda-465e-8351-b0622a5e2ad3,2,4208
2ec2f95c-675c-4c59-856f-1fb38df59fa2,29,4560
adb67652-c20d-4dd2-8e89-d6015b801c1a,5,4158
66dc7d58-0aca-11e7-82f6-3863bb44ef7c,40,514
1875395639434791520,22,1875395639434791520
a7a175ff-8ffb-477c-a40b-6d47ce92305d,18,3939
66dbc745-0aca-11e7-82f6-3863bb44ef7c,43,355
1951007832653484752,41,1951007832653484752
cb4926e6-0a79-4902-80ee-d365fbf42aec,6,4229
33af8810-cda5-4b61-9c38-0235f9d59aaa,23,4409
9d56294e-61fc-4176-bb9c-4692f45bb374,18,3972
af72781c-fe0b-4b73-a7df-201f9780ea9c,43,3740
3c5a8531-4eec-4695-b4f8-8a1158890e78,26,3817
a29b031a-9611-4b11-ad97-6d4da99b03ba,8,4562
1856767555236917834,33,1856767555236917834
4fb1ee23-4511-47c4-8698-0c46673dc86c,24,4794
814dd1a9-100c-4b1b-8110-6319bbd464e9,2,4938
5b4a90b8-426d-4a40-a7ca-87e51d690883,19,3552
0cb63737-64c9-42a9-9479-280d49ed015a,27,5036
66dcf922-0aca-11e7-82f6-3863bb44ef7c,1,3087
ba7bf20d-b6bc-43dd-bf30-acb940eaeec8,8,4209
b16e9f3f-9b07-486f-a1ca-c76030f5ea64,11,4997
fcb1c3a3-04b6-45cf-bc9a-deb71198804e,5,4604
0e3dedfb-df10-4900-a67b-95349a81bc5c,4,3693
66dd4356-0aca-11e7-82f6-3863bb44ef7c,25,3142
1846085836152179090,27,1846085836152179090
3edec530-4791-4872-8912-2a2397a903a4,50,4697
6cb5fac5-f7e8-4ec9-94cf-816771d91ecd,20,4290
0b857ee5-3d10-4152-952e-95fbaf06677a,35,4484
4956ad8b-06d6-4af4-bcc8-735c45439608,1,4850
66dd3cb4-0aca-11e7-82f6-3863bb44ef7c,7,3130
c8197f4b-02b0-4cc3-96af-df5fec27a279,14,3955
1835249448692130546,23,1835249448692130546
0f6fd186-656a-41b3-ba4a-456d22da177c,32,3534
82b97827-1801-4b7b-b3de-16447a8dd025,13,4899
ee1d39c5-47c8-4527-9456-3719c50b7be5,12,3933
5a6218aa-c5b7-4436-93c1-dee7cb5322d9,19,4316
5ffde991-1125-443e-bc97-6827b2b9c97b,23,3850
a5bd1f58-7df8-4df6-9636-372f1bc194be,12,4474
1794096824496960148,45,1794096824496960148
b4ae292d-5e89-4c58-8154-0496893394b5,10,4210
49703a2d-15e9-4af4-b80e-cca664d7ea18,23,5040
0258da92-f770-4acc-b20b-91b78aff791e,5,5077
1885440410432338078,31,1885440410432338078
66ddf310-0aca-11e7-82f6-3863bb44ef7c,45,3321
d5d2aebc-158c-43ec-9105-2a779d0245d8,5,4935
66dce660-0aca-11e7-82f6-3863bb44ef7c,31,3072
822d96e8-fb6c-463a-b866-aec9e408ad5e,17,3565
66ddebce-0aca-11e7-82f6-3863bb44ef7c,29,3309
1814907277023901890,27,1814907277023901890
b53b5e8f-9503-48d1-b3e3-9347ecef38e2,4,3904
66db3fc9-0aca-11e7-82f6-3863bb44ef7c,66,247
178bad16-1b02-4264-94c0-a8fd0faa60fe,10,4403
66de4336-0aca-11e7-82f6-3863bb44ef7c,45,3386
0575e356-72f4-4251-8e15-574cf60bd190,15,3822
914e3e7c-87da-4f52-aa03-5449c6361fa2,19,3612
fc774664-3c9b-4a8f-a79e-f6907db00a1d,49,3514
8d8a381c-21df-4095-837e-65924d85a06d,20,4174
bb58e953-4953-4fbe-9ef2-367488dfef9b,31,4136
1882736243099681438,14,1882736243099681438
93e2e1a5-49c5-41f8-a6bf-b399b6a5140d,17,3656
ce700c09-6095-4b20-ab65-07defdd1a7d7,8,4271
66de14af-0aca-11e7-82f6-3863bb44ef7c,34,3347
61c82689-3f4c-495d-8f44-e71de8f04088,25,3687
3d835eaa-a102-42c5-b6c0-2c693b1d0677,29,4982
05d03a63-b5f2-40d9-9a3d-d2fe666a307f,4,4128
201edb67-d071-4b67-bafd-131e5c273e9f,20,3851
e63c8dac-ab44-48c8-83a0-92c53a00f12e,11,3583
3ac7b47b-2253-4a0b-bf7d-8a2eb6b78a38,41,3736
66de602e-0aca-11e7-82f6-3863bb44ef7c,52,3419
66de0a0a-0aca-11e7-82f6-3863bb44ef7c,41,3329
1846086027713733188,12,1846086027713733188
039d4cc9-8560-4d22-88c3-20753c54a50f,20,4137
d7a7789b-a052-4a69-a4ec-59436b0f8d75,12,4833
1826348745879909352,21,1826348745879909352
66db3898-0aca-11e7-82f6-3863bb44ef7c,4,224
66db3816-0aca-11e7-82f6-3863bb44ef7c,17,223
66db460d-0aca-11e7-82f6-3863bb44ef7c,24,264
16836c76-c412-4ec3-bac8-3c6a5a3d9745,27,3909
1913988158376585970,34,1913988158376585970
66dc462a-0aca-11e7-82f6-3863bb44ef7c,28,482
3e4a2c26-7527-469c-b4f4-1ef8d40fd20d,10,4516
8c2ed08f-1660-4db8-9168-4709427c23ed,13,3595
66de4b0b-0aca-11e7-82f6-3863bb44ef7c,32,3397
1880644037244334512,28,1880644037244334512
66db2f4c-0aca-11e7-82f6-3863bb44ef7c,77,150
1fba77e2-66ab-4e9c-9f9a-4ec4f11fd80b,26,4507
1960021056359127624,31,1960021056359127624
66dcb9f7-0aca-11e7-82f6-3863bb44ef7c,19,3041
1857217349795049790,17,1857217349795049790
454fe70c-1d53-4af2-a9ea-1d4bd9f59799,4,4634
66dc2606-0aca-11e7-82f6-3863bb44ef7c,71,462
1804893262185771754,27,1804893262185771754
266c8621-fdea-4a7e-9d35-18ca1684d526,17,4812
174bf571-e597-463d-84bc-611c4a13d85e,19,5030
5782a158-b596-4936-a451-32ccc131a57d,21,4966
d7c12bf1-1ec8-496a-beca-90ba76c53241,13,4781
b83b2a73-af8e-4b82-b61e-aeaaf075fbe2,9,4051
2fe3e166-2d2f-41c8-b522-fdf8ee3ae16f,23,4983
034f7f3d-e632-475a-aa01-894480d153df,11,4763
0efa08a3-1c38-48fe-ab37-8c9b72b20126,15,4371
1846086263936934630,15,1846086263936934630
1797078913880883846,3,1797078913880883846
1913990214925537808,16,1913990214925537808
1808184356986544410,37,1808184356986544410
1851947582840610924,14,1851947582840610924
0e240143-2f86-4754-8345-4994750d99f1,18,5041
1861681959015615218,19,1861681959015615218
bdc116cd-4d63-4693-846c-ec5073314007,4,4636
66dc1702-0aca-11e7-82f6-3863bb44ef7c,52,438
18b19467-28ac-4496-b3e4-f6028b1c5105,9,3839
1879828885264130640,17,1879828885264130640
ee1ba75f-baf5-4852-929c-8b7ad310f55a,7,3880
c7dbc7b5-240b-494d-8663-dbee4103a20c,10,5020
8c6cba48-d803-4a90-99f7-e06edcdbbf92,35,4321
4cfd4097-0aee-4f11-9aea-55f99397bf33,5,3834
66dd4f9b-0aca-11e7-82f6-3863bb44ef7c,13,3171
1846086562569586930,27,1846086562569586930
66dbc7d2-0aca-11e7-82f6-3863bb44ef7c,42,356
1786686999403592506,47,1786686999403592506
1856767361963389606,21,1856767361963389606
3c73cc9f-3c09-4ac4-a4ea-22b4f027bf23,4,4060
49f86083-851b-475d-b9ab-64e01b81f725,25,4890
46bdd925-fb6c-4654-85d8-e0db4da62abf,55,3553
c9e76fa9-54e2-4161-9798-4787bf04217a,16,4902
66db4417-0aca-11e7-82f6-3863bb44ef7c,40,259
90fca941-2212-43bf-b104-ce32c4270d4d,6,4181
66dde703-0aca-11e7-82f6-3863bb44ef7c,35,3298
324e55da-fec0-43a2-b622-27774381ab7f,16,3935
a6492ad5-d13e-48b0-a0d5-08e60ad93e53,23,4733
66dea8ff-0aca-11e7-82f6-3863bb44ef7c,8,3462
89ff4db3-8a29-4565-a366-6fea4b3afc39,14,4460
72719900-dd61-40bd-9f4a-40d70c47590c,14,4808
2527619f-ef89-425c-bf3b-60cc0ec519bf,50,3472
76c1ef9c-3984-4b4e-bff4-5c398e2395bd,17,4261
1791188268875152272,1,1791188268875152272
e25f8dee-c110-489f-a978-464ac5c84ca2,14,4663
1848242143834868452,19,1848242143834868452
1891277309535701686,28,1891277309535701686
66dd9b0f-0aca-11e7-82f6-3863bb44ef7c,6,3231
06e5447e-35b8-45cb-b3bb-937791a6f8ae,17,4877
fc5ee04d-710b-45ba-aae0-303b8e95ea89,8,3767
66dbf215-0aca-11e7-82f6-3863bb44ef7c,15,405
023127f2-a6e0-4fae-ba34-178acccb993e,12,3995
1817803079955479336,30,1817803079955479336
92ffa9d6-8cb1-44cf-8059-391b03d58071,12,4579
2ad41c1f-5636-4a63-ad52-761e2613061a,23,4385
fffb18be-14b3-412f-a808-107a98cd9e58,20,4755
1828967208126648828,6,1828967208126648828
f3f46097-54cf-4c30-805a-6b2a4851eed7,6,4285
b5861c2d-d687-4308-bf2d-5f69fc28cc4a,25,5043
c829b6af-002b-4d04-af56-6924d4ad0aa2,18,4434
f6cf3ecc-b3ad-4291-8c24-277f28f64ba1,5,3780
c36cfa58-29fe-4c0c-a14f-41c3463487fd,8,3716
1869754143518014264,9,1869754143518014264
66db281e-0aca-11e7-82f6-3863bb44ef7c,30,83
f8c1c90f-4ec0-44bd-b097-cfafc887744d,59,4598
4aa6bb27-b76b-444e-a3ce-6fb25b822494,10,4247
1828966747840428256,7,1828966747840428256
66db930d-0aca-11e7-82f6-3863bb44ef7c,28,331
1905394575114219798,17,1905394575114219798
7e36cd9b-b271-42e5-b344-b7a3771c795e,18,3518
c1e24edf-7192-433f-8d38-be5b6b3647c5,19,3664
1d440638-ec50-4ccb-9a82-0e3247a87c63,2,4721
f391a394-67f2-4dad-873c-c934a2d2a362,18,5051
1835246516012366338,14,1835246516012366338
00d3e65e-b614-4408-aaa9-939ed96ce645,20,3739
5b4a4b20-539b-47c1-9228-1f1f124b3ec9,22,4488
66dc42a0-0aca-11e7-82f6-3863bb44ef7c,15,479
1817432709747753390,30,1817432709747753390
eab2749b-2f79-4797-a0a6-0579b27e6929,26,3881
fe6f022b-7fdb-44fe-80bb-cbfc500959bf,2,3984
66dd9dba-0aca-11e7-82f6-3863bb44ef7c,19,3232
66de0dfd-0aca-11e7-82f6-3863bb44ef7c,20,3336
3fed8016-0be0-47f5-8663-2e850ec47288,18,4574
6fefe1b3-5f0d-47aa-b1dd-cec211239950,10,4489
e3470e29-934c-41f1-8fe7-82135ed2d620,4,4734
1845676917264180046,27,1845676917264180046
7cd61426-ed98-434e-9235-56ed856fead6,14,4135
c72970e7-7f1a-4671-bf55-fc34be7c9413,15,3704
66dcc920-0aca-11e7-82f6-3863bb44ef7c,36,3061
5864d88d-a0fd-40ad-beee-896118d9360d,17,4381
8dfff4bd-0f3c-43af-bc55-a63850f66c6b,16,3913
1890927910885612334,27,1890927910885612334
a7c09fde-76e8-4a56-b61d-8ca940432efd,9,3884
1835249197527877718,33,1835249197527877718
992da9aa-87a6-4034-a24e-6a749593972f,6,4561
2ec1235f-a043-4e3a-9ba1-56f7dd4624b7,15,3591
66ddef2d-0aca-11e7-82f6-3863bb44ef7c,19,3317
1945126022626996350,40,1945126022626996350
66de0c43-0aca-11e7-82f6-3863bb44ef7c,25,3332
26599393-b967-44a6-a998-cb72ca53cd9e,7,4018
66dd4423-0aca-11e7-82f6-3863bb44ef7c,42,3144
0e8bfd72-c494-4d3e-85e2-4f98b801fe3b,5,4994
186092d1-a431-45db-8198-d5ba13334d79,20,4095
340036c3-2787-4998-9a77-fe54f352d619,38,4348
1828966490867110420,24,1828966490867110420
66de1a1f-0aca-11e7-82f6-3863bb44ef7c,4,3355
f3525aa7-9d69-4ea2-9278-4df92db1afa1,25,4353
66dcc3e5-0aca-11e7-82f6-3863bb44ef7c,43,3056
66dc11a7-0aca-11e7-82f6-3863bb44ef7c,20,434
1828967499459705054,14,1828967499459705054
a4c9faeb-2234-457d-ad56-1ab14104b538,15,4806
1dba415a-2c46-419e-838d-7e068b8d7d6f,11,4389
66dbefee-0aca-11e7-82f6-3863bb44ef7c,13,400
66dc7802-0aca-11e7-82f6-3863bb44ef7c,50,504
ab29ce96-c2e8-4929-b27b-e0fe4aae17d5,11,4170
1828966227118051662,17,1828966227118051662
3575749f-123a-4a80-870d-7ca7c7f9c8a9,29,3617
bcd3ee0f-21d7-4cc8-ac45-ccea48b6fc1b,19,4764
1828968327357059242,11,1828968327357059242
66dcba5e-0aca-11e7-82f6-3863bb44ef7c,2,3042
66dde7dc-0aca-11e7-82f6-3863bb44ef7c,4,3300
9b0c2c99-214f-4e15-b476-1626c03a9e4e,40,4691
66dbc860-0aca-11e7-82f6-3863bb44ef7c,6,357
1860188331547447938,22,1860188331547447938
7c7cb750-6613-48a4-bfae-9240968f1fad,33,4726
1828969634783171152,33,1828969634783171152
c0f952d9-538e-4836-b936-fa97123cbf13,2,3868
1857515306802639416,2,1857515306802639416
7b0227aa-bbf5-4731-a49a-765b4afac483,23,4337
c466f15e-715f-411e-904e-1a71fb574cdd,49,4693
66dbf140-0aca-11e7-82f6-3863bb44ef7c,70,403
7e70b65e-00c1-40d5-984d-17232a4ee05e,41,4297
5fdf435f-6080-4b1d-966c-3b9d08450c4d,19,3929
60c5a043-1367-4a27-96ee-394ba60e2154,2,3570
44a43ebf-cacf-4251-9ceb-e1c331ef1673,23,4396
66dc8382-0aca-11e7-82f6-3863bb44ef7c,29,525
7a8bf573-275f-41d5-ad8b-1ff9ee7c2dce,34,4289
66dd1eb2-0aca-11e7-82f6-3863bb44ef7c,40,3112
8066575c-f8e9-4e14-95ea-8d25ceeae2ca,30,4475
66db28b5-0aca-11e7-82f6-3863bb44ef7c,29,116
66dc0e99-0aca-11e7-82f6-3863bb44ef7c,94,426
00d94dfc-3695-47e1-aba6-7f319dd2eb08,10,4989
676b7b4d-b1c0-4c97-8ac3-5fe665e51108,3,3981
1860189075388547142,13,1860189075388547142
3d340fc5-8c86-4d5e-974d-ae28958e61e8,1,4718
66ddd545-0aca-11e7-82f6-3863bb44ef7c,31,3263
23539f3b-fb83-4f34-b8b8-9f1f37b5e646,24,3540
14391923-6727-4359-92e9-03e0b5094753,71,5074
66de077f-0aca-11e7-82f6-3863bb44ef7c,97,3323
1835246381185208614,21,1835246381185208614
70634bc4-4d90-42d4-8f6a-3f29fa8f7f77,5,4239
7c42f9fc-d280-4841-ad96-e3cc53ee3759,20,3958
ee70b21e-4a95-4bdf-802c-50f83a76971d,2,3847
66dcecfa-0aca-11e7-82f6-3863bb44ef7c,44,3077
606c7384-75e9-4988-858a-07b88b3a9413,42,3818
32d3adc3-c3dd-4a97-a4db-95d467f3c3aa,19,3545
1abd4668-ed6b-4930-8177-17239ae75a9e,28,3902
b7af52d2-fd23-4970-8513-be7c681480c4,16,4602
36d80620-9774-487e-8eb0-cf5f18a39321,31,4544
1869439170989701358,18,1869439170989701358
1b962833-d769-418e-b1ef-5a183bb5eb1a,15,4041
d9160982-2d9b-4f08-9469-a559a7b62809,20,3711
1838070940162509196,34,1838070940162509196
edc9b877-c311-46b4-a780-59ee7e692324,31,4698
1862787688044743624,21,1862787688044743624
981f1311-004f-41c3-ba5b-3679f78aeb70,15,3601
66dd2292-0aca-11e7-82f6-3863bb44ef7c,25,3119
66dbeb1b-0aca-11e7-82f6-3863bb44ef7c,55,391
9be6c750-85b6-4e81-bace-1a8ffe941d7b,9,4909
1861683217585879154,34,1861683217585879154
1849010295160437584,20,1849010295160437584
1792225684155730482,39,1792225684155730482
d7c56fef-1bf9-4315-85af-8638c534b402,4,4244
28a2436d-a52b-4fa4-874c-e096012a926d,23,4448
8f3a6711-fd05-4ce1-acf8-9d72b4a1bf97,15,3886
4e862dc1-0652-4f29-a26f-315d763df67d,33,4282
66dbbeda-0aca-11e7-82f6-3863bb44ef7c,5,347
f47e1ce9-ff3f-49e9-9a2f-aa5be45d70da,12,3956
116dbc02-a3c1-4b65-9f73-2a09a2aa1379,19,4216
1835250199411134468,30,1835250199411134468
00284700-9d22-42ce-8485-113fed9879c1,31,3691
8ea3301f-6940-4e0f-80f0-7a3e54b2eaa5,14,3938
1864605926072998676,22,1864605926072998676
66db3e32-0aca-11e7-82f6-3863bb44ef7c,20,242
a68acb0c-4244-416a-bf59-ca55d3120cdd,5,5078
66dcc44a-0aca-11e7-82f6-3863bb44ef7c,25,3057
57f144cb-375d-4eee-b458-e288116cb8f7,13,4757
627c77c0-0088-4ba8-ba66-73e0e3d3fe77,20,4637
298d4e45-c6d2-45f1-a07a-11606026a6e4,12,3953
66ddeb67-0aca-11e7-82f6-3863bb44ef7c,38,3308
1834145204469569922,31,1834145204469569922
398ebef6-dcc2-4305-b1d2-47efafdaa85c,5,4939
66dc89ae-0aca-11e7-82f6-3863bb44ef7c,1,536
66db728c-0aca-11e7-82f6-3863bb44ef7c,24,311
66db72f1-0aca-11e7-82f6-3863bb44ef7c,24,312
3893eeef-06a8-47b1-95f2-a85454f7d5c9,11,4969
1835247598942507168,24,1835247598942507168
c229f0ca-bdd1-4aa0-8906-a3e809e12889,16,4020
66de18d7-0aca-11e7-82f6-3863bb44ef7c,19,3352
9206af28-03bf-43e3-a8b0-354792921466,3,4955
de97a7d0-fbb3-4c13-ba6a-2bbd441751fe,23,3921
c3b255d8-b690-4825-b1e9-a1d1680e5542,21,3858
1835250080052323168,15,1835250080052323168
f42b3158-3f78-4a62-964a-8cc554d69c35,22,5061
99b7c9a5-9679-417f-b884-21c4b240aa99,4,4445
c0ce2a38-04f5-4333-8818-2a3faa84f214,44,4429
1838999304404452058,23,1838999304404452058
66dc8d1d-0aca-11e7-82f6-3863bb44ef7c,4,546
1960021358478625244,2,1960021358478625244
1856767203049599002,20,1856767203049599002
1815968345907104578,35,1815968345907104578
1817432346178415570,23,1817432346178415570
08bf2fe0-219d-48cd-87c5-6163b3a2eafd,20,3616
66dc4334-0aca-11e7-82f6-3863bb44ef7c,31,480
66dc7c31-0aca-11e7-82f6-3863bb44ef7c,8,512
66de4897-0aca-11e7-82f6-3863bb44ef7c,25,3394
66dd1bf3-0aca-11e7-82f6-3863bb44ef7c,32,3107
66db43b5-0aca-11e7-82f6-3863bb44ef7c,22,258
66dccc99-0aca-11e7-82f6-3863bb44ef7c,21,3065
f47c7f15-1c30-4199-a09f-134f0f0f684b,23,5001
66dc7e75-0aca-11e7-82f6-3863bb44ef7c,35,516
7d41ac98-df88-497a-aef9-968660e6da0f,25,4123
f0115d11-c678-4274-8bb7-d486dbb63361,6,4458
3ac37967-e174-421a-bfeb-d02249fb1266,7,4401
081d243e-d75e-4e2a-bdae-a990b2397532,38,4888
8ec47777-852d-4059-a5ea-12eef71a9606,3,4660
b79bb851-130f-473d-83fc-f602aa0a4ca9,22,4016
1861680383828308814,30,1861680383828308814
66dcf30d-0aca-11e7-82f6-3863bb44ef7c,25,3082
dfb8b9c8-3006-4b76-963a-95f7471dc0a8,23,4377
16c54bf4-194b-4f26-9c49-a42901b4748d,36,4775
6dec8948-44c7-4085-9682-446a891feb42,16,3604
36aaebb9-ef10-41a5-b20b-753bf8a3fed8,7,4053
9eb98b3b-ea35-483f-91f6-d90c506152db,4,4029
1835244925191295588,10,1835244925191295588
cda60c6d-80f3-41b7-8ece-fe997f6dafb5,9,3985
3d6b7c84-7e5a-454d-aa9d-c66eb92383be,7,4629
d4c34830-972f-4cd1-81bb-071df209d065,22,4193
6ff2eec8-2b72-490a-b1c3-f9892ab3a724,58,4725
f3eb962c-314a-4431-bac7-2eb2ffbe2fd2,17,4998
7155b0a6-2545-4b02-ae8c-9c0c4220f8c3,16,4390
941ea42c-47fe-4d63-a6f5-e0e200f01633,11,5056
1848241879913802606,26,1848241879913802606
66dc210e-0aca-11e7-82f6-3863bb44ef7c,13,454
971cddfa-695e-4b44-ba8b-26154ab4a83b,16,4132
11a8d465-b4eb-466b-a6ca-055f73994231,14,3924
e0a9ed84-55f9-40f5-90fa-87db17d2f933,15,3970
66dc176f-0aca-11e7-82f6-3863bb44ef7c,54,439
1828968082192898522,6,1828968082192898522
66db9675-0aca-11e7-82f6-3863bb44ef7c,2,335
66db3583-0aca-11e7-82f6-3863bb44ef7c,30,195
c4377169-c19e-47e1-90a4-c4e14bb41601,25,4973
014a931b-8e1c-438a-8a22-f267ddd1e0d2,23,4876
e163ce54-4c39-43c5-9831-e10a2603527d,16,4996
d09709d2-e119-48c4-aa22-29432a13a35a,16,4522
66dd5960-0aca-11e7-82f6-3863bb44ef7c,15,3185
681a8bdb-65ff-4078-a5de-74927502da4e,17,4535
2de92329-48d0-4cf7-85df-172f91bbb320,21,3639
66dd8479-0aca-11e7-82f6-3863bb44ef7c,12,3214
66dd5e69-0aca-11e7-82f6-3863bb44ef7c,22,3191
f417d8da-0f15-49b0-9e3c-3c3e55c2691d,18,4518
3d1db3fa-1df5-46c8-baf3-619b729f5bda,16,4532
4a48175b-c239-4d5e-b1b8-03eda4239678,45,4537
6107e75a-2493-4e3d-a3e0-d4886d3416e5,13,3483
7478be11-37d8-49b1-a253-f0810045f6ff,29,4534
66ddda59-0aca-11e7-82f6-3863bb44ef7c,5,3272
c32d6965-4fae-4f1f-a5f2-7f2ef5f439fc,17,4521
66dd836d-0aca-11e7-82f6-3863bb44ef7c,6,3212
66ddde40-0aca-11e7-82f6-3863bb44ef7c,12,3279
66dd83fc-0aca-11e7-82f6-3863bb44ef7c,21,3213
f841ae52-0bbb-49db-b6eb-f898fbce6108,6,3638
66ddded0-0aca-11e7-82f6-3863bb44ef7c,16,3280
66dd7cab-0aca-11e7-82f6-3863bb44ef7c,34,3206
ded4386f-9f69-43c6-a566-4511920c3e39,32,4520
21c4a77d-b1ae-4262-b143-087fd14a07b8,14,4531
43318169-d1ae-4a1a-9578-23cfa3fdbac9,7,4523
e2c00264-9eea-446d-a1b7-27cef3aed403,15,3679
a59f4f11-5d52-43a2-8a32-ae71137a6af8,9,3681
66dd9183-0aca-11e7-82f6-3863bb44ef7c,5,3225
66dd8043-0aca-11e7-82f6-3863bb44ef7c,7,3210
66dd650d-0aca-11e7-82f6-3863bb44ef7c,8,3201
66dddae7-0aca-11e7-82f6-3863bb44ef7c,15,3273
915057d4-edbc-4c73-8d81-dda33d600d58,20,3677
66dddc98-0aca-11e7-82f6-3863bb44ef7c,26,3276
66dd630c-0aca-11e7-82f6-3863bb44ef7c,14,3196
33a797e8-6be2-4868-b9f6-1be157eaa0a5,30,4619
66ddd78e-0aca-11e7-82f6-3863bb44ef7c,16,3267
2290031f-e7d8-40a3-9ad6-566df493bbbc,5,5022
1849747691035224144,16,1849747691035224144
66dd5f99-0aca-11e7-82f6-3863bb44ef7c,18,3193
5f798c51-5d8b-4add-9f81-341f54a82ffa,13,4526
66dd7f10-0aca-11e7-82f6-3863bb44ef7c,7,3207
823c0615-2832-4e76-85f0-7cf527151aba,11,4525
e385c162-6a1a-4e7a-90c1-45d5b6fa1195,23,4530
66dd63de-0aca-11e7-82f6-3863bb44ef7c,7,3198
1ec24ce3-2b69-4f3a-a153-c73e583d11f3,14,3694
22cd02a2-228f-4eeb-b249-cbea51a0e219,22,4959
ccfa1f8f-f930-45f2-9cda-375c01596ca2,18,4633
fadf00cf-d84a-49e8-9607-c67154915412,15,4524
655b0878-c22b-4f8c-8675-21bf30d1eebf,19,4539
66dd6000-0aca-11e7-82f6-3863bb44ef7c,30,3194
66dd6441-0aca-11e7-82f6-3863bb44ef7c,13,3199
66dd8b48-0aca-11e7-82f6-3863bb44ef7c,16,3220
66ddd81a-0aca-11e7-82f6-3863bb44ef7c,21,3268
66dd7b37-0aca-11e7-82f6-3863bb44ef7c,36,3203
3371df76-39db-43ab-b3d6-fac0be55311f,6,4653
66dd80ac-0aca-11e7-82f6-3863bb44ef7c,7,3211
66dddf5f-0aca-11e7-82f6-3863bb44ef7c,18,3281
66dd7fe2-0aca-11e7-82f6-3863bb44ef7c,23,3209
4aecd6f2-8a84-4bed-a528-dc6870877292,6,4587
66dd5f24-0aca-11e7-82f6-3863bb44ef7c,34,3192
5faf99b8-9046-450f-9d2a-d13279b3d016,33,3791
66dddc08-0aca-11e7-82f6-3863bb44ef7c,9,3275
66ddd93e-0aca-11e7-82f6-3863bb44ef7c,11,3270
9d344652-976b-4c2d-bede-2ef19b0fbf13,14,4533
66dd5a42-0aca-11e7-82f6-3863bb44ef7c,14,3187
5aa81a37-ea1d-4bf6-ab40-4751c6b4fb08,12,3678
46813ecf-8df4-4c8f-9579-0179e0b36ba6,26,4673
bd6f422b-d7ae-4d7e-9261-653fdd8e6888,34,4649
66ddd8a8-0aca-11e7-82f6-3863bb44ef7c,17,3269
519824e4-69ba-4270-a395-17c204f328f8,23,4528
b6a13f2b-deb4-4f4d-9d67-7d23bee27c88,2,5064
66dddd28-0aca-11e7-82f6-3863bb44ef7c,18,3277
66ddddb4-0aca-11e7-82f6-3863bb44ef7c,18,3278
